flight_number,origin_code,origin_name,origin_airport,destination_code,destination_name,destination_airport,destination_country,destination_country_code,valid_from,valid_until,frequency_raw,operating_days,departure_time,arrival_time,flight_duration,aircraft_type,cabin_config
EK 757,DXB,Dubai,Dubai International Airport,ALG,Algiers,Houari Boumediene Airport,Algeria,DZ,2026-03-15,2026-03-17,12____7,"Mon,Tue,Sun",08:10,12:40,07h 30m,77WP,FJY
EK 793,DXB,Dubai,Dubai International Airport,NBJ,Luanda Airport,Luanda Dr. Antonio Agostinho Neto Airport,Angola,AO,2026-03-16,2026-03-16,1______,Mon,09:25,14:25,08h 00m,77WP,FJY
EK 247,DXB,Dubai,Dubai International Airport,EZE,Buenos Aires,Ministro Pistarini International Airport,Argentina,AR,2026-03-15,2026-03-28,1_3_5_7,"Mon,Wed,Fri,Sun",08:05,21:10,18h 15m,77WP,FJY
EK 406,DXB,Dubai,Dubai International Airport,MEL,Melbourne,Melbourne Tullamarine Airport,Australia,AU,2026-03-15,2026-03-27,1234567,"Mon,Tue,Wed,Thu,Fri,Sat,Sun",10:00,06:25,13h 25m,388Y,FJWY
EK 406,DXB,Dubai,Dubai International Airport,MEL,Melbourne,Melbourne Tullamarine Airport,Australia,AU,2026-03-28,2026-03-28,_____6_,Sat,10:00,06:25,13h 25m,388Y,FJWY
EK 420,DXB,Dubai,Dubai International Airport,PER,Perth,Perth Airport,Australia,AU,2026-03-15,2026-03-28,1234567,"Mon,Tue,Wed,Thu,Fri,Sat,Sun",02:45,17:20,10h 35m,359U,JWY
EK 412,DXB,Dubai,Dubai International Airport,SYD,Sydney,Kingsford Smith Airport,Australia,AU,2026-03-15,2026-03-28,1234567,"Mon,Tue,Wed,Thu,Fri,Sat,Sun",10:15,07:00,13h 45m,388Y,FJWY
EK 127,DXB,Dubai,Dubai International Airport,VIE,Vienna,Vienna International Airport,Austria,AT,2026-03-15,2026-03-28,1234567,"Mon,Tue,Wed,Thu,Fri,Sat,Sun",08:05,12:25,07h 20m,388L,FJY
EK 582,DXB,Dubai,Dubai International Airport,DAC,Dhaka,Hazrat Shahjalal International Airport,Bangladesh,BD,2026-03-15,2026-03-28,1234567,"Mon,Tue,Wed,Thu,Fri,Sat,Sun",01:55,08:20,04h 25m,77WP,FJY
EK 586,DXB,Dubai,Dubai International Airport,DAC,Dhaka,Hazrat Shahjalal International Airport,Bangladesh,BD,2026-03-15,2026-03-28,1234567,"Mon,Tue,Wed,Thu,Fri,Sat,Sun",10:30,17:00,04h 30m,77WH,JY
EK 181,DXB,Dubai,Dubai International Airport,BRU,Brussels,Brussels Airport,Belgium,BE,2026-03-15,2026-03-28,1234567,"Mon,Tue,Wed,Thu,Fri,Sat,Sun",13:05,18:25,08h 20m,77WT,FJWY
EK 247,DXB,Dubai,Dubai International Airport,GIG,Rio de Janeiro,Antônio Carlos Jobim International Airport (Galeão),Brazil,BR,2026-03-15,2026-03-28,1_3_5_7,"Mon,Wed,Fri,Sun",08:05,15:55,14h 50m,77WP,FJY
EK 261,DXB,Dubai,Dubai International Airport,GRU,São Paulo,Guarulhos International Airport,Brazil,BR,2026-03-15,2026-03-27,1234567,"Mon,Tue,Wed,Thu,Fri,Sat,Sun",09:05,17:35,15h 30m,388W,FJWY
EK 261,DXB,Dubai,Dubai International Airport,GRU,São Paulo,Guarulhos International Airport,Brazil,BR,2026-03-28,2026-03-28,_____6_,Sat,09:05,17:35,15h 30m,388W,FJWY
EK 243,DXB,Dubai,Dubai International Airport,YUL,Montréal,Pierre Elliott Trudeau International Airport,Canada,CA,2026-03-15,2026-03-15,______7,Sun,01:20,08:15,14h 55m,359U,JWY
EK 243,DXB,Dubai,Dubai International Airport,YUL,Montréal,Pierre Elliott Trudeau International Airport,Canada,CA,2026-03-17,2026-03-28,1234567,"Mon,Tue,Wed,Thu,Fri,Sat,Sun",01:20,08:15,14h 55m,359U,JWY
EK 241,DXB,Dubai,Dubai International Airport,YYZ,Toronto,Pearson International Airport,Canada,CA,2026-03-15,2026-03-28,1234567,"Mon,Tue,Wed,Thu,Fri,Sat,Sun",03:15,10:55,15h 40m,388U,FJY
EK 306,DXB,Dubai,Dubai International Airport,PEK,Beijing,Beijing Capital Airport,China,CN,2026-03-15,2026-03-28,1234567,"Mon,Tue,Wed,Thu,Fri,Sat,Sun",03:20,14:45,07h 25m,77WM,FJWY
EK 362,DXB,Dubai,Dubai International Airport,CAN,Guangzhou,Guangzhou Baiyun International Airport,China,CN,2026-03-15,2026-03-28,1234567,"Mon,Tue,Wed,Thu,Fri,Sat,Sun",10:50,21:45,06h 55m,77WR,FJY
EK 310,DXB,Dubai,Dubai International Airport,HGH,Hangzhou,Hangzhou Xiaoshan International Airport,China,CN,2026-03-17,2026-03-28,_2_4_6_,"Tue,Thu,Sat",04:15,16:00,07h 45m,359G,JWY
EK 302,DXB,Dubai,Dubai International Airport,PVG,Shanghai,Pudong International Airport,China,CN,2026-03-15,2026-03-28,1234567,"Mon,Tue,Wed,Thu,Fri,Sat,Sun",03:10,15:05,07h 55m,77WM,FJWY
EK 328,DXB,Dubai,Dubai International Airport,SZX,Shenzhen,Shenzhen Bao'an International Airport,China,CN,2026-03-15,2026-03-28,_2_4__7,"Tue,Thu,Sun",10:45,22:00,07h 15m,77WM,FJWY
EK 787,DXB,Dubai,Dubai International Airport,ABJ,Abidjan,Felix Houphouet Boigny Airport,Côte d'Ivoire (Ivory Coast),CI,2026-03-15,2026-03-28,1234567,"Mon,Tue,Wed,Thu,Fri,Sat,Sun",07:25,15:00,10h 05m,77WR,FJY
EK 109,DXB,Dubai,Dubai International Airport,LCA,Larnaca,Larnaca Airport,Cyprus,CY,2026-03-15,2026-03-27,1_3_5_7,"Mon,Wed,Fri,Sun",06:35,09:40,05h 05m,77WP,FJY
EK 139,DXB,Dubai,Dubai International Airport,PRG,Prague,Václav Havel Airport,Czech Republic,CZ,2026-03-15,2026-03-28,1234567,"Mon,Tue,Wed,Thu,Fri,Sat,Sun",07:35,12:30,07h 55m,388J,JY
EK 151,DXB,Dubai,Dubai International Airport,CPH,Copenhagen,Copenhagen Airport,Denmark,DK,2026-03-15,2026-03-28,1234567,"Mon,Tue,Wed,Thu,Fri,Sat,Sun",07:30,12:30,08h 00m,388H,JY
EK 921,DXB,Dubai,Dubai International Airport,CAI,Cairo,Cairo International Airport,Egypt,EG,2026-03-15,2026-03-28,1234567,"Mon,Tue,Wed,Thu,Fri,Sat,Sun",12:00,14:15,04h 15m,77WR,FJY
EK 923,DXB,Dubai,Dubai International Airport,CAI,Cairo,Cairo International Airport,Egypt,EG,2026-03-15,2026-03-28,1234567,"Mon,Tue,Wed,Thu,Fri,Sat,Sun",15:00,17:15,04h 15m,388U,FJY
EK 925,DXB,Dubai,Dubai International Airport,CAI,Cairo,Cairo International Airport,Egypt,EG,2026-03-15,2026-03-28,1234567,"Mon,Tue,Wed,Thu,Fri,Sat,Sun",20:55,23:10,04h 15m,388U,FJY
EK 927,DXB,Dubai,Dubai International Airport,CAI,Cairo,Cairo International Airport,Egypt,EG,2026-03-15,2026-03-28,1234567,"Mon,Tue,Wed,Thu,Fri,Sat,Sun",08:10,10:25,04h 15m,388U,FJY
EK 929,DXB,Dubai,Dubai International Airport,CAI,Cairo,Cairo International Airport,Egypt,EG,2026-03-15,2026-03-28,1234567,"Mon,Tue,Wed,Thu,Fri,Sat,Sun",04:00,06:15,04h 15m,77WH,JY
EK 723,DXB,Dubai,Dubai International Airport,ADD,Addis Ababa,Bole International Airport,Ethiopia,ET,2026-03-16,2026-03-27,1_3_5__,"Mon,Wed,Fri",09:25,12:40,04h 15m,77LK,JWY
EK 077,DXB,Dubai,Dubai International Airport,NCE,Nice,Cote d'Azur International Airport,France,FR,2026-03-15,2026-03-28,1234567,"Mon,Tue,Wed,Thu,Fri,Sat,Sun",07:35,12:35,08h 00m,388V,FJWY
EK 071,DXB,Dubai,Dubai International Airport,CDG,Paris,Charles De Gaulle Airport,France,FR,2026-03-15,2026-03-28,1234567,"Mon,Tue,Wed,Thu,Fri,Sat,Sun",02:35,08:00,08h 25m,388L,FJY
EK 073,DXB,Dubai,Dubai International Airport,CDG,Paris,Charles De Gaulle Airport,France,FR,2026-03-15,2026-03-28,1234567,"Mon,Tue,Wed,Thu,Fri,Sat,Sun",07:00,12:25,08h 25m,388R,FJY
EK 075,DXB,Dubai,Dubai International Airport,CDG,Paris,Charles De Gaulle Airport,France,FR,2026-03-15,2026-03-28,1234567,"Mon,Tue,Wed,Thu,Fri,Sat,Sun",14:05,19:30,08h 25m,388R,FJY
EK 055,DXB,Dubai,Dubai International Airport,DUS,Düsseldorf,Düsseldorf Airport,Germany,DE,2026-03-15,2026-03-28,1234567,"Mon,Tue,Wed,Thu,Fri,Sat,Sun",07:30,12:30,08h 00m,77WR,FJY
EK 045,DXB,Dubai,Dubai International Airport,FRA,Frankfurt,Rhein-Main International Airport,Germany,DE,2026-03-15,2026-03-28,1234567,"Mon,Tue,Wed,Thu,Fri,Sat,Sun",07:45,12:45,08h 00m,77WR,FJY
EK 047,DXB,Dubai,Dubai International Airport,FRA,Frankfurt,Rhein-Main International Airport,Germany,DE,2026-03-15,2026-03-28,1234567,"Mon,Tue,Wed,Thu,Fri,Sat,Sun",14:20,19:20,08h 00m,388L,FJY
EK 059,DXB,Dubai,Dubai International Airport,HAM,Hamburg,Hamburg Airport,Germany,DE,2026-03-15,2026-03-28,1234567,"Mon,Tue,Wed,Thu,Fri,Sat,Sun",08:05,12:55,07h 50m,77WR,FJY
EK 051,DXB,Dubai,Dubai International Airport,MUC,Munich,Franz Josef Strauss Airport,Germany,DE,2026-03-15,2026-03-28,1234567,"Mon,Tue,Wed,Thu,Fri,Sat,Sun",14:45,19:30,07h 45m,388J,JY
EK 787,DXB,Dubai,Dubai International Airport,ACC,Accra,Accra International Airport,Ghana,GH,2026-03-15,2026-03-28,1234567,"Mon,Tue,Wed,Thu,Fri,Sat,Sun",07:25,12:30,09h 05m,77WR,FJY
EK 209,DXB,Dubai,Dubai International Airport,ATH,Athens,Eleftherios Venizelos Airport,Greece,GR,2026-03-15,2026-03-27,1234567,"Mon,Tue,Wed,Thu,Fri,Sat,Sun",09:50,14:00,06h 10m,77WS,FJWY
EK 209,DXB,Dubai,Dubai International Airport,ATH,Athens,Eleftherios Venizelos Airport,Greece,GR,2026-03-28,2026-03-28,_____6_,Sat,09:50,14:00,06h 10m,77WS,FJWY
EK 795,DXB,Dubai,Dubai International Airport,CKY,Conakry,Conakry International Airport,Guinea,GN,2026-03-15,2026-03-27,____5_7,"Fri,Sun",07:40,13:55,10h 15m,77WP,FJY
EK 797,DXB,Dubai,Dubai International Airport,CKY,Conakry,Conakry International Airport,Guinea,GN,2026-03-17,2026-03-26,_2_4___,"Tue,Thu",07:40,13:55,10h 15m,77WP,FJY
EK 797,DXB,Dubai,Dubai International Airport,CKY,Conakry,Conakry International Airport,Guinea,GN,2026-03-28,2026-03-28,_____6_,Sat,07:40,14:10,10h 30m,77WP,FJY
EK 380,DXB,Dubai,Dubai International Airport,HKG,Hong Kong,Hong Kong International Airport,"Hong Kong, China",HK,2026-03-15,2026-03-28,1234567,"Mon,Tue,Wed,Thu,Fri,Sat,Sun",10:40,21:50,07h 10m,388M,FJWY
EK 384,DXB,Dubai,Dubai International Airport,HKG,Hong Kong,Hong Kong International Airport,"Hong Kong, China",HK,2026-03-15,2026-03-28,1234567,"Mon,Tue,Wed,Thu,Fri,Sat,Sun",02:55,17:40,09h 05m,388R,FJY
EK 111,DXB,Dubai,Dubai International Airport,BUD,Budapest,Ferenc Liszt International Airport,Hungary,HU,2026-03-15,2026-03-28,1234567,"Mon,Tue,Wed,Thu,Fri,Sat,Sun",09:15,13:05,06h 50m,77WP,FJY
EK 538,DXB,Dubai,Dubai International Airport,AMD,Ahmedabad,Sardar Vallabhbhai Patel International Airport,India,IN,2026-03-15,2026-03-28,1234567,"Mon,Tue,Wed,Thu,Fri,Sat,Sun",22:50,02:55,02h 35m,359G,JWY
EK 540,DXB,Dubai,Dubai International Airport,AMD,Ahmedabad,Sardar Vallabhbhai Patel International Airport,India,IN,2026-03-15,2026-03-28,_____67,"Sat,Sun",04:00,08:05,02h 35m,359G,JWY
EK 564,DXB,Dubai,Dubai International Airport,BLR,Bengaluru,Bengaluru International Airport,India,IN,2026-03-15,2026-03-28,1234567,"Mon,Tue,Wed,Thu,Fri,Sat,Sun",03:40,08:50,03h 40m,77WP,FJY
EK 566,DXB,Dubai,Dubai International Airport,BLR,Bengaluru,Bengaluru International Airport,India,IN,2026-03-15,2026-03-28,1234567,"Mon,Tue,Wed,Thu,Fri,Sat,Sun",13:35,18:35,03h 30m,77WP,FJY
EK 568,DXB,Dubai,Dubai International Airport,BLR,Bengaluru,Bengaluru International Airport,India,IN,2026-03-15,2026-03-28,1234567,"Mon,Tue,Wed,Thu,Fri,Sat,Sun",21:35,02:40,03h 35m,388Y,FJWY
EK 542,DXB,Dubai,Dubai International Airport,MAA,Chennai,Chennai International Airport,India,IN,2026-03-15,2026-03-28,1234567,"Mon,Tue,Wed,Thu,Fri,Sat,Sun",21:00,02:15,03h 45m,77WH,JY
EK 544,DXB,Dubai,Dubai International Airport,MAA,Chennai,Chennai International Airport,India,IN,2026-03-15,2026-03-28,1234567,"Mon,Tue,Wed,Thu,Fri,Sat,Sun",02:50,08:15,03h 55m,77WR,FJY
EK 546,DXB,Dubai,Dubai International Airport,MAA,Chennai,Chennai International Airport,India,IN,2026-03-15,2026-03-28,1234567,"Mon,Tue,Wed,Thu,Fri,Sat,Sun",14:45,20:10,03h 55m,77WR,FJY
EK 510,DXB,Dubai,Dubai International Airport,DEL,Delhi,Indira Gandhi International Airport,India,IN,2026-03-15,2026-03-28,1234567,"Mon,Tue,Wed,Thu,Fri,Sat,Sun",04:20,08:55,03h 05m,77WR,FJY
EK 512,DXB,Dubai,Dubai International Airport,DEL,Delhi,Indira Gandhi International Airport,India,IN,2026-03-15,2026-03-28,1234567,"Mon,Tue,Wed,Thu,Fri,Sat,Sun",21:30,02:10,03h 10m,77WR,FJY
EK 514,DXB,Dubai,Dubai International Airport,DEL,Delhi,Indira Gandhi International Airport,India,IN,2026-03-15,2026-03-28,1234567,"Mon,Tue,Wed,Thu,Fri,Sat,Sun",15:10,19:55,03h 15m,77WR,FJY
EK 516,DXB,Dubai,Dubai International Airport,DEL,Delhi,Indira Gandhi International Airport,India,IN,2026-03-15,2026-03-28,1234567,"Mon,Tue,Wed,Thu,Fri,Sat,Sun",09:55,14:40,03h 15m,77WR,FJY
EK 524,DXB,Dubai,Dubai International Airport,HYD,Hyderabad,Rajiv Gandhi Airport,India,IN,2026-03-15,2026-03-28,1234567,"Mon,Tue,Wed,Thu,Fri,Sat,Sun",21:30,02:25,03h 25m,77WH,JY
EK 526,DXB,Dubai,Dubai International Airport,HYD,Hyderabad,Rajiv Gandhi Airport,India,IN,2026-03-15,2026-03-28,1234567,"Mon,Tue,Wed,Thu,Fri,Sat,Sun",03:30,08:25,03h 25m,77WR,FJY
EK 528,DXB,Dubai,Dubai International Airport,HYD,Hyderabad,Rajiv Gandhi Airport,India,IN,2026-03-15,2026-03-28,1234567,"Mon,Tue,Wed,Thu,Fri,Sat,Sun",14:45,19:45,03h 30m,77WR,FJY
EK 530,DXB,Dubai,Dubai International Airport,COK,Kochi,Kochi International Airport,India,IN,2026-03-15,2026-03-28,1234567,"Mon,Tue,Wed,Thu,Fri,Sat,Sun",02:45,08:05,03h 50m,77WP,FJY
EK 532,DXB,Dubai,Dubai International Airport,COK,Kochi,Kochi International Airport,India,IN,2026-03-15,2026-03-28,1234567,"Mon,Tue,Wed,Thu,Fri,Sat,Sun",21:40,03:00,03h 50m,77WP,FJY
EK 570,DXB,Dubai,Dubai International Airport,CCU,Kolkata,Netaji Subhas Chandra Bose International Airport,India,IN,2026-03-15,2026-03-28,1234567,"Mon,Tue,Wed,Thu,Fri,Sat,Sun",02:00,07:40,04h 10m,77WR,FJY
EK 572,DXB,Dubai,Dubai International Airport,CCU,Kolkata,Netaji Subhas Chandra Bose International Airport,India,IN,2026-03-15,2026-03-28,__3_567,"Wed,Fri,Sat,Sun",13:15,18:50,04h 05m,77WM,FJWY
EK 500,DXB,Dubai,Dubai International Airport,BOM,Mumbai,Chhatrapati Shivaji International,India,IN,2026-03-15,2026-03-28,1234567,"Mon,Tue,Wed,Thu,Fri,Sat,Sun",21:40,02:15,03h 05m,388W,FJWY
EK 502,DXB,Dubai,Dubai International Airport,BOM,Mumbai,Chhatrapati Shivaji International,India,IN,2026-03-15,2026-03-28,1234567,"Mon,Tue,Wed,Thu,Fri,Sat,Sun",13:15,17:50,03h 05m,359G,JWY
EK 504,DXB,Dubai,Dubai International Airport,BOM,Mumbai,Chhatrapati Shivaji International,India,IN,2026-03-15,2026-03-28,1234567,"Mon,Tue,Wed,Thu,Fri,Sat,Sun",03:55,08:25,03h 00m,77WM,FJWY
EK 506,DXB,Dubai,Dubai International Airport,BOM,Mumbai,Chhatrapati Shivaji International,India,IN,2026-03-15,2026-03-28,1234567,"Mon,Tue,Wed,Thu,Fri,Sat,Sun",09:25,13:55,03h 00m,77WP,FJY
EK 508,DXB,Dubai,Dubai International Airport,BOM,Mumbai,Chhatrapati Shivaji International,India,IN,2026-03-15,2026-03-28,1234567,"Mon,Tue,Wed,Thu,Fri,Sat,Sun",15:40,20:25,03h 15m,77WP,FJY
EK 522,DXB,Dubai,Dubai International Airport,TRV,Thiruvananthapuram,Thiruvananthapuram International Airport,India,IN,2026-03-15,2026-03-28,1234567,"Mon,Tue,Wed,Thu,Fri,Sat,Sun",21:30,03:00,04h 00m,77WR,FJY
EK 368,DXB,Dubai,Dubai International Airport,DPS,Denpasar,Ngurah Rai International Airport,Indonesia,ID,2026-03-15,2026-03-22,123_567,"Mon,Tue,Wed,Fri,Sat,Sun",03:25,16:30,09h 05m,388J,JY
EK 368,DXB,Dubai,Dubai International Airport,DPS,Denpasar,Ngurah Rai International Airport,Indonesia,ID,2026-03-23,2026-03-28,123456_,"Mon,Tue,Wed,Thu,Fri,Sat",03:25,16:30,09h 05m,388J,JY
EK 398,DXB,Dubai,Dubai International Airport,DPS,Denpasar,Ngurah Rai International Airport,Indonesia,ID,2026-03-15,2026-03-22,123_567,"Mon,Tue,Wed,Fri,Sat,Sun",09:10,22:20,09h 10m,77WH,JY
EK 398,DXB,Dubai,Dubai International Airport,DPS,Denpasar,Ngurah Rai International Airport,Indonesia,ID,2026-03-23,2026-03-28,123456_,"Mon,Tue,Wed,Thu,Fri,Sat",09:10,22:20,09h 10m,77WH,JY
EK 358,DXB,Dubai,Dubai International Airport,CGK,Jakarta,Soekarno-Hatta International Airport,Indonesia,ID,2026-03-15,2026-03-28,1234567,"Mon,Tue,Wed,Thu,Fri,Sat,Sun",10:55,22:10,08h 15m,77WP,FJY
EK 161,DXB,Dubai,Dubai International Airport,DUB,Dublin,Dublin Airport,Ireland,IE,2026-03-15,2026-03-28,1234567,"Mon,Tue,Wed,Thu,Fri,Sat,Sun",06:10,11:20,09h 10m,77WM,FJWY
EK 163,DXB,Dubai,Dubai International Airport,DUB,Dublin,Dublin Airport,Ireland,IE,2026-03-15,2026-03-28,1234567,"Mon,Tue,Wed,Thu,Fri,Sat,Sun",13:45,18:55,09h 10m,77WM,FJWY
EK 205,DXB,Dubai,Dubai International Airport,MXP,Milan,Malpensa Airport,Italy,IT,2026-03-15,2026-03-22,_234567,"Tue,Wed,Thu,Fri,Sat,Sun",08:20,13:10,07h 50m,388M,FJWY
EK 205,DXB,Dubai,Dubai International Airport,MXP,Milan,Malpensa Airport,Italy,IT,2026-03-16,2026-03-16,1______,Mon,08:20,13:10,07h 50m,388M,FJWY
EK 205,DXB,Dubai,Dubai International Airport,MXP,Milan,Malpensa Airport,Italy,IT,2026-03-23,2026-03-27,12345__,"Mon,Tue,Wed,Thu,Fri",08:20,13:10,07h 50m,388M,FJWY
EK 205,DXB,Dubai,Dubai International Airport,MXP,Milan,Malpensa Airport,Italy,IT,2026-03-28,2026-03-28,_____6_,Sat,08:20,13:10,07h 50m,388M,FJWY
EK 095,DXB,Dubai,Dubai International Airport,FCO,Rome,Fiumicino Airport,Italy,IT,2026-03-15,2026-03-28,1234567,"Mon,Tue,Wed,Thu,Fri,Sat,Sun",14:00,18:45,07h 45m,77WR,FJY
EK 097,DXB,Dubai,Dubai International Airport,FCO,Rome,Fiumicino Airport,Italy,IT,2026-03-15,2026-03-28,1234567,"Mon,Tue,Wed,Thu,Fri,Sat,Sun",07:55,12:40,07h 45m,388L,FJY
EK 312,DXB,Dubai,Dubai International Airport,HND,Tokyo Haneda,Tokyo Haneda Airport,Japan,JP,2026-03-15,2026-03-28,1234567,"Mon,Tue,Wed,Thu,Fri,Sat,Sun",08:20,22:30,09h 10m,77WT,FJWY
EK 318,DXB,Dubai,Dubai International Airport,NRT,Tokyo Narita,Tokyo Narita International Airport,Japan,JP,2026-03-15,2026-03-28,1234567,"Mon,Tue,Wed,Thu,Fri,Sat,Sun",02:55,17:20,09h 25m,388W,FJWY
EK 903,DXB,Dubai,Dubai International Airport,AMM,Amman,Queen Alia International Airport,Jordan,JO,2026-03-15,2026-03-15,______7,Sun,09:00,12:00,04h 00m,77WH,JY
EK 903,DXB,Dubai,Dubai International Airport,AMM,Amman,Queen Alia International Airport,Jordan,JO,2026-03-16,2026-03-22,12__567,"Mon,Tue,Fri,Sat,Sun",09:00,12:00,04h 00m,77WH,JY
EK 903,DXB,Dubai,Dubai International Airport,AMM,Amman,Queen Alia International Airport,Jordan,JO,2026-03-28,2026-03-28,_____6_,Sat,09:00,12:00,04h 00m,77WH,JY
EK 719,DXB,Dubai,Dubai International Airport,NBO,Nairobi,Jomo Kenyatta International Airport,Kenya,KE,2026-03-15,2026-03-28,__3_567,"Wed,Fri,Sat,Sun",10:30,14:40,05h 10m,77WR,FJY
EK 322,DXB,Dubai,Dubai International Airport,ICN,Seoul,Incheon International Airport,"Korea, Republic of",KR,2026-03-15,2026-03-28,_2_4_67,"Tue,Thu,Sat,Sun",03:30,16:50,08h 20m,388L,FJY
EK 342,DXB,Dubai,Dubai International Airport,KUL,Kuala Lumpur,Kuala Lumpur International Airport,Malaysia,MY,2026-03-15,2026-03-15,______7,Sun,10:40,21:55,07h 15m,388L,FJY
EK 346,DXB,Dubai,Dubai International Airport,KUL,Kuala Lumpur,Kuala Lumpur International Airport,Malaysia,MY,2026-03-16,2026-03-28,1234567,"Mon,Tue,Wed,Thu,Fri,Sat,Sun",03:40,14:45,07h 15m,388L,FJY
EK 656,DXB,Dubai,Dubai International Airport,MLE,Malé,Velana International Airport,Maldives,MV,2026-03-15,2026-03-28,1234567,"Mon,Tue,Wed,Thu,Fri,Sat,Sun",02:30,07:35,04h 05m,77WM,FJWY
EK 658,DXB,Dubai,Dubai International Airport,MLE,Malé,Velana International Airport,Maldives,MV,2026-03-15,2026-03-28,1234567,"Mon,Tue,Wed,Thu,Fri,Sat,Sun",04:20,09:25,04h 05m,77WM,FJWY
EK 662,DXB,Dubai,Dubai International Airport,MLE,Malé,Velana International Airport,Maldives,MV,2026-03-28,2026-03-28,_____6_,Sat,09:30,14:45,04h 15m,77WP,FJY
EK 109,DXB,Dubai,Dubai International Airport,MLA,Malta,Malta International Airport,Malta,MT,2026-03-15,2026-03-27,1_3_5_7,"Mon,Wed,Fri,Sun",06:35,13:00,07h 55m,77WP,FJY
EK 701,DXB,Dubai,Dubai International Airport,MRU,Mauritius,Sir Seewoosagur Ramgoolam International Airport,Mauritius,MU,2026-03-15,2026-03-28,1234567,"Mon,Tue,Wed,Thu,Fri,Sat,Sun",02:25,09:10,06h 45m,388R,FJY
EK 703,DXB,Dubai,Dubai International Airport,MRU,Mauritius,Sir Seewoosagur Ramgoolam International Airport,Mauritius,MU,2026-03-15,2026-03-28,1234567,"Mon,Tue,Wed,Thu,Fri,Sat,Sun",10:30,17:10,06h 40m,388H,JY
EK 255,DXB,Dubai,Dubai International Airport,MEX,Mexico City,Mexico City International Airport,Mexico,MX,2026-03-15,2026-03-27,1234567,"Mon,Tue,Wed,Thu,Fri,Sat,Sun",03:05,16:00,21h 00m,77LK,JWY
EK 255,DXB,Dubai,Dubai International Airport,MEX,Mexico City,Mexico City International Airport,Mexico,MX,2026-03-28,2026-03-28,_____6_,Sat,03:05,16:00,21h 00m,77LK,JWY
EK 751,DXB,Dubai,Dubai International Airport,CMN,Casablanca,Mohammed V International Airport,Morocco,MA,2026-03-15,2026-03-21,1234567,"Mon,Tue,Wed,Thu,Fri,Sat,Sun",07:25,12:10,08h 45m,388L,FJY
EK 751,DXB,Dubai,Dubai International Airport,CMN,Casablanca,Mohammed V International Airport,Morocco,MA,2026-03-22,2026-03-28,1234567,"Mon,Tue,Wed,Thu,Fri,Sat,Sun",07:25,13:10,08h 45m,388L,FJY
EK 145,DXB,Dubai,Dubai International Airport,AMS,Amsterdam,Amsterdam Airport Schiphol,Netherlands,NL,2026-03-15,2026-03-28,1_34567,"Mon,Wed,Thu,Fri,Sat,Sun",02:30,07:50,08h 20m,388R,FJY
EK 145,DXB,Dubai,Dubai International Airport,AMS,Amsterdam,Amsterdam Airport Schiphol,Netherlands,NL,2026-03-17,2026-03-24,_2_____,Tue,05:40,11:00,08h 20m,388R,FJY
EK 448,DXB,Dubai,Dubai International Airport,AKL,Auckland,Auckland International Airport,New Zealand,NZ,2026-03-17,2026-03-26,_2_4_6_,"Tue,Thu,Sat",10:05,11:15,16h 10m,388Y,FJWY
EK 448,DXB,Dubai,Dubai International Airport,AKL,Auckland,Auckland International Airport,New Zealand,NZ,2026-03-28,2026-03-28,_____6_,Sat,10:05,11:15,16h 10m,388Y,FJWY
EK 783,DXB,Dubai,Dubai International Airport,LOS,Lagos,Murtala Muhammed Airport,Nigeria,NG,2026-03-15,2026-03-28,1234567,"Mon,Tue,Wed,Thu,Fri,Sat,Sun",10:30,16:10,08h 40m,77WP,FJY
EK 159,DXB,Dubai,Dubai International Airport,OSL,Oslo,Gardermoen Airport,Norway,NO,2026-03-15,2026-03-28,1234567,"Mon,Tue,Wed,Thu,Fri,Sat,Sun",06:40,12:10,08h 30m,359G,JWY
EK 612,DXB,Dubai,Dubai International Airport,ISB,Islamabad,Islamabad International Airport,Pakistan,PK,2026-03-16,2026-03-28,123456,"Mon,Tue,Wed,Thu,Fri,Sat",03:10,07:15,03h 05m,77WH,JY
EK 614,DXB,Dubai,Dubai International Airport,ISB,Islamabad,Islamabad International Airport,Pakistan,PK,2026-03-16,2026-03-28,1_3_56_,"Mon,Wed,Fri,Sat",21:30,01:30,03h 00m,77WH,JY
EK 600,DXB,Dubai,Dubai International Airport,KHI,Karachi,Quaid-E-Azam International Airport,Pakistan,PK,2026-03-15,2026-03-28,1234567,"Mon,Tue,Wed,Thu,Fri,Sat,Sun",07:30,10:30,02h 00m,77WH,JY
EK 602,DXB,Dubai,Dubai International Airport,KHI,Karachi,Quaid-E-Azam International Airport,Pakistan,PK,2026-03-15,2026-03-28,1234567,"Mon,Tue,Wed,Thu,Fri,Sat,Sun",18:10,21:05,01h 55m,77WP,FJY
EK 606,DXB,Dubai,Dubai International Airport,KHI,Karachi,Quaid-E-Azam International Airport,Pakistan,PK,2026-03-15,2026-03-28,1234567,"Mon,Tue,Wed,Thu,Fri,Sat,Sun",22:00,01:10,02h 10m,77WH,JY
EK 622,DXB,Dubai,Dubai International Airport,LHE,Lahore,Alama Iqbal International Airport,Pakistan,PK,2026-03-15,2026-03-28,1234_67,"Mon,Tue,Wed,Thu,Sat,Sun",21:50,01:40,02h 50m,77WH,JY
EK 624,DXB,Dubai,Dubai International Airport,LHE,Lahore,Alama Iqbal International Airport,Pakistan,PK,2026-03-16,2026-03-28,1_3_56_,"Mon,Wed,Fri,Sat",04:10,08:00,02h 50m,77WH,JY
EK 636,DXB,Dubai,Dubai International Airport,PEW,Peshawar,Bacha Khan International Airport,Pakistan,PK,2026-03-17,2026-03-28,_23456_,"Tue,Wed,Thu,Fri,Sat",03:20,07:30,03h 10m,77WP,JY
EK 618,DXB,Dubai,Dubai International Airport,SKT,Sialkot,Sialkot International Airport,Pakistan,PK,2026-03-15,2026-03-28,_2_4_67,"Tue,Thu,Sat,Sun",21:15,01:15,03h 00m,77WH,JY
EK 620,DXB,Dubai,Dubai International Airport,SKT,Sialkot,Sialkot International Airport,Pakistan,PK,2026-03-17,2026-03-28,_2_4_6_,"Tue,Thu,Sat",04:20,08:20,03h 00m,77WH,JY
EK 338,DXB,Dubai,Dubai International Airport,CEB,Cebu,Mactan-Cebu International Airport,Philippines,PH,2026-03-16,2026-03-28,1234567,"Mon,Tue,Wed,Thu,Fri,Sat,Sun",02:50,15:35,08h 45m,77WH,JY
EK 338,DXB,Dubai,Dubai International Airport,CRK,Clark,"Clark International Airport, Manila Angeles City",Philippines,PH,2026-03-16,2026-03-28,1234567,"Mon,Tue,Wed,Thu,Fri,Sat,Sun",02:50,18:25,19h 25m,77WH,JY
EK 332,DXB,Dubai,Dubai International Airport,MNL,Manila,Ninoy Aquino International Airport,Philippines,PH,2026-03-15,2026-03-28,1234567,"Mon,Tue,Wed,Thu,Fri,Sat,Sun",03:40,15:55,08h 15m,77WP,FJY
EK 334,DXB,Dubai,Dubai International Airport,MNL,Manila,Ninoy Aquino International Airport,Philippines,PH,2026-03-15,2026-03-28,1234567,"Mon,Tue,Wed,Thu,Fri,Sat,Sun",09:25,21:35,08h 10m,77WH,JY
EK 336,DXB,Dubai,Dubai International Airport,MNL,Manila,Ninoy Aquino International Airport,Philippines,PH,2026-03-15,2026-03-28,1234567,"Mon,Tue,Wed,Thu,Fri,Sat,Sun",17:55,06:10,08h 15m,77WH,JY
EK 179,DXB,Dubai,Dubai International Airport,WAW,Warsaw,Warsaw Frédéric Chopin Airport,Poland,PL,2026-03-15,2026-03-28,1234567,"Mon,Tue,Wed,Thu,Fri,Sat,Sun",07:15,11:20,07h 05m,77WR,FJY
EK 193,DXB,Dubai,Dubai International Airport,LIS,Lisbon,Lisbon General Humberto Delgado Airport,Portugal,PT,2026-03-15,2026-03-28,1234567,"Mon,Tue,Wed,Thu,Fri,Sat,Sun",14:00,19:10,09h 10m,77WM,FJWY
EK 129,DXB,Dubai,Dubai International Airport,DME,Moscow,Domodedovo Airport,Russia,RU,2026-03-15,2026-03-28,__3_5_7,"Wed,Fri,Sun",01:00,08:00,08h 00m,77WP,FJY
EK 131,DXB,Dubai,Dubai International Airport,DME,Moscow,Domodedovo Airport,Russia,RU,2026-03-15,2026-03-28,1234567,"Mon,Tue,Wed,Thu,Fri,Sat,Sun",13:50,20:50,08h 00m,388L,FJY
EK 133,DXB,Dubai,Dubai International Airport,DME,Moscow,Domodedovo Airport,Russia,RU,2026-03-15,2026-03-28,1234567,"Mon,Tue,Wed,Thu,Fri,Sat,Sun",06:55,13:55,08h 00m,388U,FJY
EK 175,DXB,Dubai,Dubai International Airport,LED,St. Petersburg,Pulkovo International Airport,Russia,RU,2026-03-15,2026-03-28,1_3_5_7,"Mon,Wed,Fri,Sun",13:10,21:10,09h 00m,77WP,FJY
EK 821,DXB,Dubai,Dubai International Airport,DMM,Dammam,King Fahd International Airport,Saudi Arabia,SA,2026-03-15,2026-03-28,1234567,"Mon,Tue,Wed,Thu,Fri,Sat,Sun",21:00,21:30,01h 30m,77WH,JY
EK 801,DXB,Dubai,Dubai International Airport,JED,Jeddah,King Abdulaziz International Airport,Saudi Arabia,SA,2026-03-15,2026-03-28,1234567,"Mon,Tue,Wed,Thu,Fri,Sat,Sun",00:15,02:25,03h 10m,388L,FJY
EK 803,DXB,Dubai,Dubai International Airport,JED,Jeddah,King Abdulaziz International Airport,Saudi Arabia,SA,2026-03-15,2026-03-28,1234567,"Mon,Tue,Wed,Thu,Fri,Sat,Sun",15:45,18:00,03h 15m,388U,FJY
EK 805,DXB,Dubai,Dubai International Airport,JED,Jeddah,King Abdulaziz International Airport,Saudi Arabia,SA,2026-03-15,2026-03-28,1234567,"Mon,Tue,Wed,Thu,Fri,Sat,Sun",07:05,09:20,03h 15m,388R,FJY
EK 809,DXB,Dubai,Dubai International Airport,MED,Medina,Prince Mohammad Bin Abdulaziz Airport,Saudi Arabia,SA,2026-03-15,2026-03-28,1_34_67,"Mon,Wed,Thu,Sat,Sun",14:20,16:10,02h 50m,77WP,FJY
EK 811,DXB,Dubai,Dubai International Airport,RUH,Riyadh,King Khalid International Airport,Saudi Arabia,SA,2026-03-28,2026-03-28,_____6_,Sat,22:30,23:30,02h 00m,77WP,FJY
EK 813,DXB,Dubai,Dubai International Airport,RUH,Riyadh,King Khalid International Airport,Saudi Arabia,SA,2026-03-18,2026-03-18,__3____,Wed,11:20,12:25,02h 05m,77WP,FJY
EK 815,DXB,Dubai,Dubai International Airport,RUH,Riyadh,King Khalid International Airport,Saudi Arabia,SA,2026-03-15,2026-03-28,1234567,"Mon,Tue,Wed,Thu,Fri,Sat,Sun",01:25,02:25,02h 00m,77WM,FJWY
EK 817,DXB,Dubai,Dubai International Airport,RUH,Riyadh,King Khalid International Airport,Saudi Arabia,SA,2026-03-15,2026-03-28,1234567,"Mon,Tue,Wed,Thu,Fri,Sat,Sun",17:40,18:45,02h 05m,77WM,FJWY
EK 819,DXB,Dubai,Dubai International Airport,RUH,Riyadh,King Khalid International Airport,Saudi Arabia,SA,2026-03-15,2026-03-28,1234567,"Mon,Tue,Wed,Thu,Fri,Sat,Sun",07:00,08:00,02h 00m,77WM,FJWY
EK 795,DXB,Dubai,Dubai International Airport,DSS,Dakar,Dakar Blaise Diagne International Airport,Senegal,SN,2026-03-15,2026-03-27,____5_7,"Fri,Sun",07:40,16:50,20h 45m,77WP,FJY
EK 797,DXB,Dubai,Dubai International Airport,DSS,Dakar,Dakar Blaise Diagne International Airport,Senegal,SN,2026-03-17,2026-03-26,_2_4___,"Tue,Thu",07:40,16:50,20h 45m,77WP,FJY
EK 797,DXB,Dubai,Dubai International Airport,DSS,Dakar,Dakar Blaise Diagne International Airport,Senegal,SN,2026-03-28,2026-03-28,_____6_,Sat,07:40,16:55,21h 20m,77WP,FJY
EK 705,DXB,Dubai,Dubai International Airport,SEZ,Seychelles,Seychelles International Airport,Seychelles,SC,2026-03-15,2026-03-28,1234567,"Mon,Tue,Wed,Thu,Fri,Sat,Sun",02:40,07:05,04h 25m,77WR,FJY
EK 314,DXB,Dubai,Dubai International Airport,SIN,Singapore,Changi Airport,Singapore,SG,2026-03-15,2026-03-28,1234567,"Mon,Tue,Wed,Thu,Fri,Sat,Sun",21:00,08:30,07h 30m,388U,FJY
EK 352,DXB,Dubai,Dubai International Airport,SIN,Singapore,Changi Airport,Singapore,SG,2026-03-16,2026-03-28,1234567,"Mon,Tue,Wed,Thu,Fri,Sat,Sun",10:15,21:45,07h 30m,388U,FJY
EK 770,DXB,Dubai,Dubai International Airport,CPT,Cape Town,Cape Town International Airport,South Africa,ZA,2026-03-15,2026-03-28,1234567,"Mon,Tue,Wed,Thu,Fri,Sat,Sun",09:10,16:45,09h 35m,77WM,FJWY
EK 772,DXB,Dubai,Dubai International Airport,CPT,Cape Town,Cape Town International Airport,South Africa,ZA,2026-03-17,2026-03-26,_2_4_6_,"Tue,Thu,Sat",03:50,11:40,09h 50m,77WR,FJY
EK 775,DXB,Dubai,Dubai International Airport,DUR,Durban,King Shaka International Airport,South Africa,ZA,2026-03-18,2026-03-27,__3_5_7,"Wed,Fri,Sun",10:40,17:10,08h 30m,77WR,FJY
EK 763,DXB,Dubai,Dubai International Airport,JNB,Johannesburg,O R Tambo International Airport,South Africa,ZA,2026-03-21,2026-03-28,1234567,"Mon,Tue,Wed,Thu,Fri,Sat,Sun",10:10,16:35,08h 25m,388R,FJY
EK 765,DXB,Dubai,Dubai International Airport,JNB,Johannesburg,O R Tambo International Airport,South Africa,ZA,2026-03-15,2026-03-28,1234567,"Mon,Tue,Wed,Thu,Fri,Sat,Sun",14:25,20:35,08h 10m,77WM,FJWY
EK 767,DXB,Dubai,Dubai International Airport,JNB,Johannesburg,O R Tambo International Airport,South Africa,ZA,2026-03-15,2026-03-28,1234567,"Mon,Tue,Wed,Thu,Fri,Sat,Sun",23:25,05:35,08h 10m,77WR,FJY
EK 255,DXB,Dubai,Dubai International Airport,BCN,Barcelona,El Prat Airport,Spain,ES,2026-03-15,2026-03-27,1234567,"Mon,Tue,Wed,Thu,Fri,Sat,Sun",03:05,08:15,08h 10m,77LK,JWY
EK 255,DXB,Dubai,Dubai International Airport,BCN,Barcelona,El Prat Airport,Spain,ES,2026-03-28,2026-03-28,_____6_,Sat,03:05,08:15,08h 10m,77LK,JWY
EK 141,DXB,Dubai,Dubai International Airport,MAD,Madrid,Madrid-Barajas Airport,Spain,ES,2026-03-15,2026-03-28,1234567,"Mon,Tue,Wed,Thu,Fri,Sat,Sun",06:55,12:40,08h 45m,388L,FJY
EK 143,DXB,Dubai,Dubai International Airport,MAD,Madrid,Madrid-Barajas Airport,Spain,ES,2026-03-15,2026-03-28,1234567,"Mon,Tue,Wed,Thu,Fri,Sat,Sun",14:15,19:55,08h 40m,77WM,FJWY
EK 648,DXB,Dubai,Dubai International Airport,CMB,Colombo,Bandaranaike Airport,Sri Lanka,LK,2026-03-15,2026-03-28,1234567,"Mon,Tue,Wed,Thu,Fri,Sat,Sun",16:10,21:55,04h 15m,77WR,FJY
EK 650,DXB,Dubai,Dubai International Airport,CMB,Colombo,Bandaranaike Airport,Sri Lanka,LK,2026-03-15,2026-03-28,1234567,"Mon,Tue,Wed,Thu,Fri,Sat,Sun",02:35,08:20,04h 15m,77WM,FJWY
EK 654,DXB,Dubai,Dubai International Airport,CMB,Colombo,Bandaranaike Airport,Sri Lanka,LK,2026-03-15,2026-03-28,12_4567,"Mon,Tue,Thu,Fri,Sat,Sun",10:05,15:55,04h 20m,359U,JWY
EK 654,DXB,Dubai,Dubai International Airport,CMB,Colombo,Bandaranaike Airport,Sri Lanka,LK,2026-03-18,2026-03-25,__3____,Wed,12:55,18:45,04h 20m,359U,JWY
EK 157,DXB,Dubai,Dubai International Airport,ARN,Stockholm,Stockholm-Arlanda Airport,Sweden,SE,2026-03-15,2026-03-28,1234567,"Mon,Tue,Wed,Thu,Fri,Sat,Sun",07:20,12:40,08h 20m,77WR,FJY
EK 083,DXB,Dubai,Dubai International Airport,GVA,Geneva,Geneva International Airport,Switzerland,CH,2026-03-15,2026-03-28,1234567,"Mon,Tue,Wed,Thu,Fri,Sat,Sun",13:40,18:45,08h 05m,77WT,FJWY
EK 085,DXB,Dubai,Dubai International Airport,ZRH,Zürich,Zürich-Kloten Airport,Switzerland,CH,2026-03-15,2026-03-28,1234567,"Mon,Tue,Wed,Thu,Fri,Sat,Sun",15:05,19:50,07h 45m,388M,FJWY
EK 366,DXB,Dubai,Dubai International Airport,TPE,Taipei,Taiwan Taoyuan International Airport,"Taiwan, China",TW,2026-03-15,2026-03-28,1234567,"Mon,Tue,Wed,Thu,Fri,Sat,Sun",03:40,15:35,07h 55m,388L,FJY
EK 725,DXB,Dubai,Dubai International Airport,DAR,Dar Es Salaam,Dar Es Salaam International Airport,Tanzania,TZ,2026-03-15,2026-03-15,______7,Sun,09:35,14:00,05h 25m,77WP,FJY
EK 370,DXB,Dubai,Dubai International Airport,BKK,Bangkok,Suvarnabhumi International Airport,Thailand,TH,2026-03-15,2026-03-28,1234567,"Mon,Tue,Wed,Thu,Fri,Sat,Sun",08:55,18:05,06h 10m,77WH,JY
EK 372,DXB,Dubai,Dubai International Airport,BKK,Bangkok,Suvarnabhumi International Airport,Thailand,TH,2026-03-15,2026-03-28,1234567,"Mon,Tue,Wed,Thu,Fri,Sat,Sun",09:30,18:40,06h 10m,388Y,FJY
EK 374,DXB,Dubai,Dubai International Airport,BKK,Bangkok,Suvarnabhumi International Airport,Thailand,TH,2026-03-15,2026-03-28,1234567,"Mon,Tue,Wed,Thu,Fri,Sat,Sun",22:35,07:35,06h 00m,388J,JWY
EK 384,DXB,Dubai,Dubai International Airport,BKK,Bangkok,Suvarnabhumi International Airport,Thailand,TH,2026-03-15,2026-03-28,1234567,"Mon,Tue,Wed,Thu,Fri,Sat,Sun",02:55,12:05,06h 10m,388R,FJY
EK 378,DXB,Dubai,Dubai International Airport,HKT,Phuket,Phuket International Airport,Thailand,TH,2026-03-15,2026-03-28,1234567,"Mon,Tue,Wed,Thu,Fri,Sat,Sun",03:00,12:05,06h 05m,77WR,FJY
EK 396,DXB,Dubai,Dubai International Airport,HKT,Phuket,Phuket International Airport,Thailand,TH,2026-03-15,2026-03-28,1234567,"Mon,Tue,Wed,Thu,Fri,Sat,Sun",10:35,19:40,06h 05m,77WR,FJY
EK 747,DXB,Dubai,Dubai International Airport,TUN,Tunis,Carthage Airport,Tunisia,TN,2026-03-15,2026-03-28,1_34567,"Mon,Wed,Thu,Fri,Sat,Sun",08:40,12:35,06h 55m,359G,JWY
EK 121,DXB,Dubai,Dubai International Airport,IST,Istanbul,Istanbul Airport,Türkiye,TR,2026-03-15,2026-03-28,1234567,"Mon,Tue,Wed,Thu,Fri,Sat,Sun",13:20,18:30,06h 10m,77WR,FJY
EK 123,DXB,Dubai,Dubai International Airport,IST,Istanbul,Istanbul Airport,Türkiye,TR,2026-03-15,2026-03-28,1234567,"Mon,Tue,Wed,Thu,Fri,Sat,Sun",09:30,14:40,06h 10m,388U,FJY
EK 729,DXB,Dubai,Dubai International Airport,EBB,Entebbe,Entebbe Airport,Uganda,UG,2026-03-15,2026-03-15,______7,Sun,09:45,14:10,05h 25m,77WP,FJY
EK 039,DXB,Dubai,Dubai International Airport,BHX,Birmingham,Birmingham International Airport,United Kingdom,GB,2026-03-15,2026-03-28,1234567,"Mon,Tue,Wed,Thu,Fri,Sat,Sun",06:40,11:40,09h 00m,388H,JY
EK 023,DXB,Dubai,Dubai International Airport,EDI,Edinburgh,Edinburgh Airport,United Kingdom,GB,2026-03-15,2026-03-28,1234567,"Mon,Tue,Wed,Thu,Fri,Sat,Sun",14:10,19:05,08h 55m,359G,JWY
EK 027,DXB,Dubai,Dubai International Airport,GLA,Glasgow,Glasgow International Airport,United Kingdom,GB,2026-03-15,2026-03-28,1234567,"Mon,Tue,Wed,Thu,Fri,Sat,Sun",06:40,11:35,08h 55m,77WP,FJY
EK 009,DXB,Dubai,Dubai International Airport,LGW,London Gatwick,London Gatwick Airport,United Kingdom,GB,2026-03-15,2026-03-28,1234567,"Mon,Tue,Wed,Thu,Fri,Sat,Sun",13:35,18:25,08h 50m,77WP,FJY
EK 015,DXB,Dubai,Dubai International Airport,LGW,London Gatwick,London Gatwick Airport,United Kingdom,GB,2026-03-15,2026-03-28,1234567,"Mon,Tue,Wed,Thu,Fri,Sat,Sun",06:50,11:40,08h 50m,388L,FJY
EK 001,DXB,Dubai,Dubai International Airport,LHR,London Heathrow,London Heathrow Airport,United Kingdom,GB,2026-03-15,2026-03-28,1234567,"Mon,Tue,Wed,Thu,Fri,Sat,Sun",07:00,11:40,08h 40m,388W,FJWY
EK 003,DXB,Dubai,Dubai International Airport,LHR,London Heathrow,London Heathrow Airport,United Kingdom,GB,2026-03-15,2026-03-28,1234567,"Mon,Tue,Wed,Thu,Fri,Sat,Sun",13:25,18:20,08h 55m,388W,FJWY
EK 005,DXB,Dubai,Dubai International Airport,LHR,London Heathrow,London Heathrow Airport,United Kingdom,GB,2026-03-15,2026-03-28,1234567,"Mon,Tue,Wed,Thu,Fri,Sat,Sun",15:05,20:00,08h 55m,388M,FJWY
EK 007,DXB,Dubai,Dubai International Airport,LHR,London Heathrow,London Heathrow Airport,United Kingdom,GB,2026-03-15,2026-03-28,1234567,"Mon,Tue,Wed,Thu,Fri,Sat,Sun",02:15,07:10,08h 55m,388M,FJWY
EK 029,DXB,Dubai,Dubai International Airport,LHR,London Heathrow,London Heathrow Airport,United Kingdom,GB,2026-03-15,2026-03-28,1234567,"Mon,Tue,Wed,Thu,Fri,Sat,Sun",09:10,13:50,08h 40m,388R,FJY
EK 031,DXB,Dubai,Dubai International Airport,LHR,London Heathrow,London Heathrow Airport,United Kingdom,GB,2026-03-15,2026-03-28,1234567,"Mon,Tue,Wed,Thu,Fri,Sat,Sun",11:15,16:10,08h 55m,388R,FJY
EK 067,DXB,Dubai,Dubai International Airport,STN,London Stansted,London Stansted,United Kingdom,GB,2026-03-15,2026-03-28,1234567,"Mon,Tue,Wed,Thu,Fri,Sat,Sun",13:40,17:55,08h 15m,77WM,FJWY
EK 019,DXB,Dubai,Dubai International Airport,MAN,Manchester,Manchester International Airport,United Kingdom,GB,2026-03-15,2026-03-28,1234567,"Mon,Tue,Wed,Thu,Fri,Sat,Sun",13:35,18:35,09h 00m,388J,JY
EK 021,DXB,Dubai,Dubai International Airport,MAN,Manchester,Manchester International Airport,United Kingdom,GB,2026-03-15,2026-03-28,1234567,"Mon,Tue,Wed,Thu,Fri,Sat,Sun",01:45,06:45,09h 00m,388H,JY
EK 035,DXB,Dubai,Dubai International Airport,NCL,Newcastle,Newcastle Airport,United Kingdom,GB,2026-03-15,2026-03-28,1234567,"Mon,Tue,Wed,Thu,Fri,Sat,Sun",06:45,11:20,08h 35m,359G,JY
EK 237,DXB,Dubai,Dubai International Airport,BOS,Boston,Logan International Airport,United States,US,2026-03-15,2026-03-27,__3_5_7,"Wed,Fri,Sun",07:10,14:30,15h 20m,77WS,FJWY
EK 235,DXB,Dubai,Dubai International Airport,ORD,Chicago,O'Hare International Airport,United States,US,2026-03-15,2026-03-28,1234567,"Mon,Tue,Wed,Thu,Fri,Sat,Sun",09:45,17:15,16h 30m,77WT,FJWY
EK 221,DXB,Dubai,Dubai International Airport,DFW,Dallas,Dallas/Fort Worth International Airport,United States,US,2026-03-15,2026-03-28,1234567,"Mon,Tue,Wed,Thu,Fri,Sat,Sun",01:10,09:40,17h 30m,77LK,JWY
EK 201,DXB,Dubai,Dubai International Airport,JFK,New York John F Kennedy,John F Kennedy International Airport,United States,US,2026-03-16,2026-03-27,1_3_5__,"Mon,Wed,Fri",06:45,14:25,15h 40m,388V,FJWY
EK 203,DXB,Dubai,Dubai International Airport,JFK,New York John F Kennedy,John F Kennedy International Airport,United States,US,2026-03-15,2026-03-28,1234567,"Mon,Tue,Wed,Thu,Fri,Sat,Sun",01:10,08:50,15h 40m,388Y,FJWY
EK 205,DXB,Dubai,Dubai International Airport,JFK,New York John F Kennedy,John F Kennedy International Airport,United States,US,2026-03-15,2026-03-22,_234567,"Tue,Wed,Thu,Fri,Sat,Sun",08:20,18:55,16h 45m,388M,FJWY
EK 205,DXB,Dubai,Dubai International Airport,JFK,New York John F Kennedy,John F Kennedy International Airport,United States,US,2026-03-16,2026-03-16,1______,Mon,08:20,19:05,16h 45m,388M,FJWY
EK 205,DXB,Dubai,Dubai International Airport,JFK,New York John F Kennedy,John F Kennedy International Airport,United States,US,2026-03-23,2026-03-27,12345__,"Mon,Tue,Wed,Thu,Fri",08:20,18:55,16h 45m,388M,FJWY
EK 205,DXB,Dubai,Dubai International Airport,JFK,New York John F Kennedy,John F Kennedy International Airport,United States,US,2026-03-28,2026-03-28,_____6_,Sat,08:20,18:55,16h 45m,388M,FJWY
EK 209,DXB,Dubai,Dubai International Airport,EWR,Newark,Newark Liberty International Airport,United States,US,2026-03-15,2026-03-27,1234567,"Mon,Tue,Wed,Thu,Fri,Sat,Sun",09:50,21:20,17h 10m,77WS,FJWY
EK 209,DXB,Dubai,Dubai International Airport,EWR,Newark,Newark Liberty International Airport,United States,US,2026-03-28,2026-03-28,_____6_,Sat,09:50,21:20,17h 10m,77WS,FJWY
EK 225,DXB,Dubai,Dubai International Airport,SFO,San Francisco,San Francisco International Airport,United States,US,2026-03-15,2026-03-28,1234567,"Mon,Tue,Wed,Thu,Fri,Sat,Sun",08:00,13:50,16h 50m,388Y,FJWY
EK 229,DXB,Dubai,Dubai International Airport,SEA,Seattle,Seattle-Tacoma international Airport,United States,US,2026-03-17,2026-03-26,_2_4_6_,"Tue,Thu,Sat",09:00,13:35,15h 35m,77WS,FJWY
EK 229,DXB,Dubai,Dubai International Airport,SEA,Seattle,Seattle-Tacoma international Airport,United States,US,2026-03-28,2026-03-28,_____6_,Sat,09:00,13:35,15h 35m,77WS,FJWY
EK 231,DXB,Dubai,Dubai International Airport,IAD,Washington Dulles International,Dulles International Airport,United States,US,2026-03-16,2026-03-27,1_3_5__,"Mon,Wed,Fri",00:55,09:00,16h 05m,77WP,FJY
EK 394,DXB,Dubai,Dubai International Airport,HAN,Hanoi,Noi Bai International Airport,Vietnam,VN,2026-03-15,2026-03-28,1234567,"Mon,Tue,Wed,Thu,Fri,Sat,Sun",03:40,12:40,06h 00m,77WH,JY
EK 392,DXB,Dubai,Dubai International Airport,SGN,Ho Chi Minh City,Tan Son Nhat International Airport,Vietnam,VN,2026-03-15,2026-03-28,1234567,"Mon,Tue,Wed,Thu,Fri,Sat,Sun",09:35,19:35,07h 00m,77WH,JY
EK 713,DXB,Dubai,Dubai International Airport,LUN,Lusaka,Kenneth Kaunda International Airport,Zambia,ZM,2026-03-15,2026-03-27,__3_5_7,"Wed,Fri,Sun",09:15,14:20,07h 05m,77WR,FJY
EK 713,DXB,Dubai,Dubai International Airport,HRE,Harare,Robert Gabriel Mugabe International Airport,Zimbabwe,ZW,2026-03-15,2026-03-27,__3_5_7,"Wed,Fri,Sun",09:15,17:00,08h 10m,77WR,FJY
EK 758,ALG,Algiers,Houari Boumediene Airport,DXB,Dubai,Dubai International Airport,United Arab Emirates,AE,2026-03-16,2026-03-18,123____,"Mon,Tue,Wed",15:45,01:10,06h 25m,77WP,FJY
EK 794,NBJ,Luanda Airport,Luanda Dr. Antonio Agostinho Neto Airport,DXB,Dubai,Dubai International Airport,United Arab Emirates,AE,2026-03-17,2026-03-17,_2_____,Tue,17:50,04:40,07h 50m,77WP,FJY
EK 248,EZE,Buenos Aires,Ministro Pistarini International Airport,GIG,Rio de Janeiro,Antônio Carlos Jobim International Airport (Galeão),Brazil,BR,2026-03-15,2026-03-28,1_3_5_7,"Mon,Wed,Fri,Sun",23:00,01:45,02h 45m,77WP,FJY
EK 412,SYD,Sydney,Kingsford Smith Airport,CHC,Christchurch,Christchurch International Airport,New Zealand,NZ,2026-03-16,2026-03-29,1234567,"Mon,Tue,Wed,Thu,Fri,Sat,Sun",08:45,14:00,03h 15m,388Y,FJWY
EK 407,MEL,Melbourne,Melbourne Tullamarine Airport,DXB,Dubai,Dubai International Airport,United Arab Emirates,AE,2026-03-16,2026-03-28,1234567,"Mon,Tue,Wed,Thu,Fri,Sat,Sun",22:30,05:40,14h 10m,388Y,FJWY
EK 407,MEL,Melbourne,Melbourne Tullamarine Airport,DXB,Dubai,Dubai International Airport,United Arab Emirates,AE,2026-03-29,2026-03-29,______7,Sun,22:15,05:15,14h 00m,388Y,FJWY
EK 421,PER,Perth,Perth Airport,DXB,Dubai,Dubai International Airport,United Arab Emirates,AE,2026-03-15,2026-03-28,1234567,"Mon,Tue,Wed,Thu,Fri,Sat,Sun",22:20,05:25,11h 05m,359U,JWY
EK 413,SYD,Sydney,Kingsford Smith Airport,DXB,Dubai,Dubai International Airport,United Arab Emirates,AE,2026-03-16,2026-03-29,1234567,"Mon,Tue,Wed,Thu,Fri,Sat,Sun",21:45,05:15,14h 30m,388Y,FJWY
EK 128,VIE,Vienna,Vienna International Airport,DXB,Dubai,Dubai International Airport,United Arab Emirates,AE,2026-03-15,2026-03-28,1234567,"Mon,Tue,Wed,Thu,Fri,Sat,Sun",14:55,00:05,06h 10m,388L,FJY
EK 583,DAC,Dhaka,Hazrat Shahjalal International Airport,DXB,Dubai,Dubai International Airport,United Arab Emirates,AE,2026-03-15,2026-03-28,1234567,"Mon,Tue,Wed,Thu,Fri,Sat,Sun",09:55,13:20,05h 25m,77WP,FJY
EK 587,DAC,Dhaka,Hazrat Shahjalal International Airport,DXB,Dubai,Dubai International Airport,United Arab Emirates,AE,2026-03-15,2026-03-28,1234567,"Mon,Tue,Wed,Thu,Fri,Sat,Sun",18:45,22:15,05h 30m,77WH,JY
EK 182,BRU,Brussels,Brussels Airport,DXB,Dubai,Dubai International Airport,United Arab Emirates,AE,2026-03-15,2026-03-28,1234567,"Mon,Tue,Wed,Thu,Fri,Sat,Sun",20:20,06:40,07h 20m,77WT,FJWY
EK 247,GIG,Rio de Janeiro,Antônio Carlos Jobim International Airport (Galeão),EZE,Buenos Aires,Ministro Pistarini International Airport,Argentina,AR,2026-03-15,2026-03-28,1_3_5_7,"Mon,Wed,Fri,Sun",17:45,21:10,03h 25m,77WP,FJY
EK 248,GIG,Rio de Janeiro,Antônio Carlos Jobim International Airport (Galeão),DXB,Dubai,Dubai International Airport,United Arab Emirates,AE,2026-03-16,2026-03-29,12_4_6_,"Mon,Tue,Thu,Sat",03:45,00:35,13h 50m,77WP,FJY
EK 262,GRU,São Paulo,Guarulhos International Airport,DXB,Dubai,Dubai International Airport,United Arab Emirates,AE,2026-03-16,2026-03-28,1234567,"Mon,Tue,Wed,Thu,Fri,Sat,Sun",01:30,23:00,14h 30m,388W,FJWY
EK 262,GRU,São Paulo,Guarulhos International Airport,DXB,Dubai,Dubai International Airport,United Arab Emirates,AE,2026-03-29,2026-03-29,______7,Sun,01:35,23:00,14h 25m,388W,FJWY
EK 371,SAI,Siem Reap,Siem Reap Angkor International Airport,BKK,Bangkok,Suvarnabhumi International Airport,Thailand,TH,2026-03-17,2026-03-28,_2_4_6_,"Tue,Thu,Sat",23:50,01:10,01h 20m,77WH,JY
EK 244,YUL,Montréal,Pierre Elliott Trudeau International Airport,DXB,Dubai,Dubai International Airport,United Arab Emirates,AE,2026-03-16,2026-03-16,1______,Mon,11:40,08:00,12h 20m,359U,JWY
EK 244,YUL,Montréal,Pierre Elliott Trudeau International Airport,DXB,Dubai,Dubai International Airport,United Arab Emirates,AE,2026-03-17,2026-03-28,1234567,"Mon,Tue,Wed,Thu,Fri,Sat,Sun",11:40,08:25,12h 45m,359U,JWY
EK 242,YYZ,Toronto,Pearson International Airport,DXB,Dubai,Dubai International Airport,United Arab Emirates,AE,2026-03-15,2026-03-28,1234567,"Mon,Tue,Wed,Thu,Fri,Sat,Sun",14:55,12:30,13h 35m,388U,FJY
EK 307,PEK,Beijing,Beijing Capital Airport,DXB,Dubai,Dubai International Airport,United Arab Emirates,AE,2026-03-16,2026-03-29,1234567,"Mon,Tue,Wed,Thu,Fri,Sat,Sun",00:40,05:30,08h 50m,77WM,FJWY
EK 363,CAN,Guangzhou,Guangzhou Baiyun International Airport,DXB,Dubai,Dubai International Airport,United Arab Emirates,AE,2026-03-16,2026-03-29,1234567,"Mon,Tue,Wed,Thu,Fri,Sat,Sun",00:15,05:00,08h 45m,77WR,FJY
EK 311,HGH,Hangzhou,Hangzhou Xiaoshan International Airport,DXB,Dubai,Dubai International Airport,United Arab Emirates,AE,2026-03-18,2026-03-29,__3_5_7,"Wed,Fri,Sun",00:10,06:00,09h 50m,359G,JWY
EK 303,PVG,Shanghai,Pudong International Airport,DXB,Dubai,Dubai International Airport,United Arab Emirates,AE,2026-03-15,2026-03-28,1234567,"Mon,Tue,Wed,Thu,Fri,Sat,Sun",23:00,05:10,10h 10m,77WM,FJWY
EK 329,SZX,Shenzhen,Shenzhen Bao'an International Airport,DXB,Dubai,Dubai International Airport,United Arab Emirates,AE,2026-03-16,2026-03-29,1_3_5__,"Mon,Wed,Fri",00:45,05:25,08h 40m,77WM,FJWY
EK 788,ABJ,Abidjan,Felix Houphouet Boigny Airport,ACC,Accra,Accra International Airport,Ghana,GH,2026-03-15,2026-03-28,1234567,"Mon,Tue,Wed,Thu,Fri,Sat,Sun",16:40,17:45,01h 05m,77WR,FJY
EK 788,ABJ,Abidjan,Felix Houphouet Boigny Airport,DXB,Dubai,Dubai International Airport,United Arab Emirates,AE,2026-03-15,2026-03-28,1234567,"Mon,Tue,Wed,Thu,Fri,Sat,Sun",16:40,07:15,09h 05m,77WR,FJY
EK 109,LCA,Larnaca,Larnaca Airport,MLA,Malta,Malta International Airport,Malta,MT,2026-03-15,2026-03-27,1_3_5_7,"Mon,Wed,Fri,Sun",11:10,13:00,02h 50m,77WP,FJY
EK 110,LCA,Larnaca,Larnaca Airport,DXB,Dubai,Dubai International Airport,United Arab Emirates,AE,2026-03-15,2026-03-27,1_3_5_7,"Mon,Wed,Fri,Sun",19:40,01:40,04h 00m,77WP,FJY
EK 140,PRG,Prague,Václav Havel Airport,DXB,Dubai,Dubai International Airport,United Arab Emirates,AE,2026-03-15,2026-03-28,1234567,"Mon,Tue,Wed,Thu,Fri,Sat,Sun",14:45,00:20,06h 35m,388J,JY
EK 152,CPH,Copenhagen,Copenhagen Airport,DXB,Dubai,Dubai International Airport,United Arab Emirates,AE,2026-03-15,2026-03-28,1234567,"Mon,Tue,Wed,Thu,Fri,Sat,Sun",14:45,00:55,07h 10m,388H,JY
EK 922,CAI,Cairo,Cairo International Airport,DXB,Dubai,Dubai International Airport,United Arab Emirates,AE,2026-03-15,2026-03-28,1234567,"Mon,Tue,Wed,Thu,Fri,Sat,Sun",16:30,21:45,03h 15m,77WR,FJY
EK 924,CAI,Cairo,Cairo International Airport,DXB,Dubai,Dubai International Airport,United Arab Emirates,AE,2026-03-15,2026-03-28,1234567,"Mon,Tue,Wed,Thu,Fri,Sat,Sun",19:25,00:40,03h 15m,388U,FJY
EK 926,CAI,Cairo,Cairo International Airport,DXB,Dubai,Dubai International Airport,United Arab Emirates,AE,2026-03-16,2026-03-29,1234567,"Mon,Tue,Wed,Thu,Fri,Sat,Sun",00:50,06:10,03h 15m,388U,FJY
EK 928,CAI,Cairo,Cairo International Airport,DXB,Dubai,Dubai International Airport,United Arab Emirates,AE,2026-03-15,2026-03-28,1234567,"Mon,Tue,Wed,Thu,Fri,Sat,Sun",12:30,17:45,03h 15m,388U,FJY
EK 930,CAI,Cairo,Cairo International Airport,DXB,Dubai,Dubai International Airport,United Arab Emirates,AE,2026-03-15,2026-03-28,1234567,"Mon,Tue,Wed,Thu,Fri,Sat,Sun",08:00,13:15,03h 15m,77WH,JY
EK 724,ADD,Addis Ababa,Bole International Airport,DXB,Dubai,Dubai International Airport,United Arab Emirates,AE,2026-03-16,2026-03-27,1_3_5__,"Mon,Wed,Fri",14:50,20:00,04h 10m,77LK,JWY
EK 078,NCE,Nice,Cote d'Azur International Airport,DXB,Dubai,Dubai International Airport,United Arab Emirates,AE,2026-03-15,2026-03-28,1234567,"Mon,Tue,Wed,Thu,Fri,Sat,Sun",14:30,00:10,06h 40m,388V,FJWY
EK 072,CDG,Paris,Charles De Gaulle Airport,DXB,Dubai,Dubai International Airport,United Arab Emirates,AE,2026-03-15,2026-03-28,1234567,"Mon,Tue,Wed,Thu,Fri,Sat,Sun",10:00,20:25,07h 25m,388L,FJY
EK 074,CDG,Paris,Charles De Gaulle Airport,DXB,Dubai,Dubai International Airport,United Arab Emirates,AE,2026-03-15,2026-03-28,1234567,"Mon,Tue,Wed,Thu,Fri,Sat,Sun",14:25,00:50,07h 25m,388R,FJY
EK 076,CDG,Paris,Charles De Gaulle Airport,DXB,Dubai,Dubai International Airport,United Arab Emirates,AE,2026-03-15,2026-03-28,1234567,"Mon,Tue,Wed,Thu,Fri,Sat,Sun",21:35,08:00,07h 25m,388R,FJY
EK 056,DUS,Düsseldorf,Düsseldorf Airport,DXB,Dubai,Dubai International Airport,United Arab Emirates,AE,2026-03-15,2026-03-28,1234567,"Mon,Tue,Wed,Thu,Fri,Sat,Sun",14:30,00:20,06h 50m,77WR,FJY
EK 046,FRA,Frankfurt,Rhein-Main International Airport,DXB,Dubai,Dubai International Airport,United Arab Emirates,AE,2026-03-15,2026-03-28,1234567,"Mon,Tue,Wed,Thu,Fri,Sat,Sun",14:30,00:30,07h 00m,77WR,FJY
EK 048,FRA,Frankfurt,Rhein-Main International Airport,DXB,Dubai,Dubai International Airport,United Arab Emirates,AE,2026-03-15,2026-03-28,1234567,"Mon,Tue,Wed,Thu,Fri,Sat,Sun",21:10,07:10,07h 00m,388L,FJY
EK 060,HAM,Hamburg,Hamburg Airport,DXB,Dubai,Dubai International Airport,United Arab Emirates,AE,2026-03-15,2026-03-28,1234567,"Mon,Tue,Wed,Thu,Fri,Sat,Sun",14:40,00:40,07h 00m,77WR,FJY
EK 052,MUC,Munich,Franz Josef Strauss Airport,DXB,Dubai,Dubai International Airport,United Arab Emirates,AE,2026-03-15,2026-03-28,1234567,"Mon,Tue,Wed,Thu,Fri,Sat,Sun",21:25,07:20,06h 55m,388J,JY
EK 787,ACC,Accra,Accra International Airport,ABJ,Abidjan,Felix Houphouet Boigny Airport,Côte d'Ivoire (Ivory Coast),CI,2026-03-15,2026-03-28,1234567,"Mon,Tue,Wed,Thu,Fri,Sat,Sun",14:00,15:00,01h 00m,77WR,FJY
EK 788,ACC,Accra,Accra International Airport,DXB,Dubai,Dubai International Airport,United Arab Emirates,AE,2026-03-15,2026-03-28,1234567,"Mon,Tue,Wed,Thu,Fri,Sat,Sun",19:15,07:15,08h 00m,77WR,FJY
EK 210,ATH,Athens,Eleftherios Venizelos Airport,DXB,Dubai,Dubai International Airport,United Arab Emirates,AE,2026-03-16,2026-03-28,1234567,"Mon,Tue,Wed,Thu,Fri,Sat,Sun",17:05,00:05,05h 00m,77WS,FJWY
EK 210,ATH,Athens,Eleftherios Venizelos Airport,DXB,Dubai,Dubai International Airport,United Arab Emirates,AE,2026-03-29,2026-03-29,______7,Sun,18:05,00:05,05h 00m,77WS,FJWY
EK 209,ATH,Athens,Eleftherios Venizelos Airport,EWR,Newark,Newark Liberty International Airport,United States,US,2026-03-15,2026-03-27,1234567,"Mon,Tue,Wed,Thu,Fri,Sat,Sun",16:20,21:20,11h 00m,77WS,FJWY
EK 209,ATH,Athens,Eleftherios Venizelos Airport,EWR,Newark,Newark Liberty International Airport,United States,US,2026-03-28,2026-03-28,_____6_,Sat,16:20,21:20,11h 00m,77WS,FJWY
EK 795,CKY,Conakry,Conakry International Airport,DSS,Dakar,Dakar Blaise Diagne International Airport,Senegal,SN,2026-03-15,2026-03-27,____5_7,"Fri,Sun",15:35,16:50,01h 15m,77WP,FJY
EK 797,CKY,Conakry,Conakry International Airport,DSS,Dakar,Dakar Blaise Diagne International Airport,Senegal,SN,2026-03-17,2026-03-26,_2_4___,"Tue,Thu",15:35,16:50,01h 15m,77WP,FJY
EK 797,CKY,Conakry,Conakry International Airport,DSS,Dakar,Dakar Blaise Diagne International Airport,Senegal,SN,2026-03-28,2026-03-28,_____6_,Sat,15:35,16:55,01h 20m,77WP,FJY
EK 385,HKG,Hong Kong,Hong Kong International Airport,BKK,Bangkok,Suvarnabhumi International Airport,Thailand,TH,2026-03-15,2026-03-28,1234567,"Mon,Tue,Wed,Thu,Fri,Sat,Sun",21:00,23:15,03h 15m,388R,FJY
EK 381,HKG,Hong Kong,Hong Kong International Airport,DXB,Dubai,Dubai International Airport,United Arab Emirates,AE,2026-03-16,2026-03-29,1234567,"Mon,Tue,Wed,Thu,Fri,Sat,Sun",00:35,05:40,09h 05m,388M,FJWY
EK 112,BUD,Budapest,Ferenc Liszt International Airport,DXB,Dubai,Dubai International Airport,United Arab Emirates,AE,2026-03-15,2026-03-28,1234567,"Mon,Tue,Wed,Thu,Fri,Sat,Sun",15:15,23:55,05h 40m,77WP,FJY
EK 539,AMD,Ahmedabad,Sardar Vallabhbhai Patel International Airport,DXB,Dubai,Dubai International Airport,United Arab Emirates,AE,2026-03-16,2026-03-29,1234567,"Mon,Tue,Wed,Thu,Fri,Sat,Sun",04:30,06:15,03h 15m,359G,JWY
EK 541,AMD,Ahmedabad,Sardar Vallabhbhai Patel International Airport,DXB,Dubai,Dubai International Airport,United Arab Emirates,AE,2026-03-15,2026-03-28,_____67,"Sat,Sun",09:40,11:15,03h 05m,359G,JWY
EK 565,BLR,Bengaluru,Bengaluru International Airport,DXB,Dubai,Dubai International Airport,United Arab Emirates,AE,2026-03-15,2026-03-28,1234567,"Mon,Tue,Wed,Thu,Fri,Sat,Sun",10:25,13:00,04h 05m,77WP,FJY
EK 567,BLR,Bengaluru,Bengaluru International Airport,DXB,Dubai,Dubai International Airport,United Arab Emirates,AE,2026-03-15,2026-03-28,1234567,"Mon,Tue,Wed,Thu,Fri,Sat,Sun",20:20,23:00,04h 10m,77WP,FJY
EK 569,BLR,Bengaluru,Bengaluru International Airport,DXB,Dubai,Dubai International Airport,United Arab Emirates,AE,2026-03-16,2026-03-29,1234567,"Mon,Tue,Wed,Thu,Fri,Sat,Sun",04:30,07:10,04h 10m,388Y,FJWY
EK 543,MAA,Chennai,Chennai International Airport,DXB,Dubai,Dubai International Airport,United Arab Emirates,AE,2026-03-16,2026-03-29,1234567,"Mon,Tue,Wed,Thu,Fri,Sat,Sun",03:50,06:35,04h 15m,77WH,JY
EK 545,MAA,Chennai,Chennai International Airport,DXB,Dubai,Dubai International Airport,United Arab Emirates,AE,2026-03-15,2026-03-28,1234567,"Mon,Tue,Wed,Thu,Fri,Sat,Sun",09:50,12:40,04h 20m,77WR,FJY
EK 547,MAA,Chennai,Chennai International Airport,DXB,Dubai,Dubai International Airport,United Arab Emirates,AE,2026-03-15,2026-03-28,1234567,"Mon,Tue,Wed,Thu,Fri,Sat,Sun",21:45,00:45,04h 30m,77WR,FJY
EK 511,DEL,Delhi,Indira Gandhi International Airport,DXB,Dubai,Dubai International Airport,United Arab Emirates,AE,2026-03-15,2026-03-28,1234567,"Mon,Tue,Wed,Thu,Fri,Sat,Sun",10:35,13:00,03h 55m,77WR,FJY
EK 513,DEL,Delhi,Indira Gandhi International Airport,DXB,Dubai,Dubai International Airport,United Arab Emirates,AE,2026-03-16,2026-03-29,1234567,"Mon,Tue,Wed,Thu,Fri,Sat,Sun",04:10,06:35,03h 55m,77WR,FJY
EK 515,DEL,Delhi,Indira Gandhi International Airport,DXB,Dubai,Dubai International Airport,United Arab Emirates,AE,2026-03-15,2026-03-28,1234567,"Mon,Tue,Wed,Thu,Fri,Sat,Sun",21:30,23:59,03h 59m,77WR,FJY
EK 517,DEL,Delhi,Indira Gandhi International Airport,DXB,Dubai,Dubai International Airport,United Arab Emirates,AE,2026-03-15,2026-03-28,1234567,"Mon,Tue,Wed,Thu,Fri,Sat,Sun",16:15,18:35,03h 50m,77WR,FJY
EK 525,HYD,Hyderabad,Rajiv Gandhi Airport,DXB,Dubai,Dubai International Airport,United Arab Emirates,AE,2026-03-16,2026-03-29,1234567,"Mon,Tue,Wed,Thu,Fri,Sat,Sun",04:10,06:40,04h 00m,77WH,JY
EK 527,HYD,Hyderabad,Rajiv Gandhi Airport,DXB,Dubai,Dubai International Airport,United Arab Emirates,AE,2026-03-15,2026-03-28,1234567,"Mon,Tue,Wed,Thu,Fri,Sat,Sun",10:00,12:25,03h 55m,77WR,FJY
EK 529,HYD,Hyderabad,Rajiv Gandhi Airport,DXB,Dubai,Dubai International Airport,United Arab Emirates,AE,2026-03-15,2026-03-28,1234567,"Mon,Tue,Wed,Thu,Fri,Sat,Sun",21:20,23:59,04h 09m,77WR,FJY
EK 531,COK,Kochi,Kochi International Airport,DXB,Dubai,Dubai International Airport,United Arab Emirates,AE,2026-03-15,2026-03-28,1234567,"Mon,Tue,Wed,Thu,Fri,Sat,Sun",09:40,12:10,04h 00m,77WP,FJY
EK 533,COK,Kochi,Kochi International Airport,DXB,Dubai,Dubai International Airport,United Arab Emirates,AE,2026-03-16,2026-03-29,1234567,"Mon,Tue,Wed,Thu,Fri,Sat,Sun",04:30,07:05,04h 05m,77WP,FJY
EK 571,CCU,Kolkata,Netaji Subhas Chandra Bose International Airport,DXB,Dubai,Dubai International Airport,United Arab Emirates,AE,2026-03-15,2026-03-28,1234567,"Mon,Tue,Wed,Thu,Fri,Sat,Sun",09:15,13:05,05h 20m,77WR,FJY
EK 573,CCU,Kolkata,Netaji Subhas Chandra Bose International Airport,DXB,Dubai,Dubai International Airport,United Arab Emirates,AE,2026-03-15,2026-03-28,__3_567,"Wed,Fri,Sat,Sun",20:25,00:15,05h 20m,77WM,FJWY
EK 501,BOM,Mumbai,Chhatrapati Shivaji International,DXB,Dubai,Dubai International Airport,United Arab Emirates,AE,2026-03-16,2026-03-29,1234567,"Mon,Tue,Wed,Thu,Fri,Sat,Sun",04:15,06:05,03h 20m,388W,FJWY
EK 503,BOM,Mumbai,Chhatrapati Shivaji International,DXB,Dubai,Dubai International Airport,United Arab Emirates,AE,2026-03-15,2026-03-28,1234567,"Mon,Tue,Wed,Thu,Fri,Sat,Sun",19:20,21:05,03h 15m,359G,JWY
EK 505,BOM,Mumbai,Chhatrapati Shivaji International,DXB,Dubai,Dubai International Airport,United Arab Emirates,AE,2026-03-15,2026-03-28,1234567,"Mon,Tue,Wed,Thu,Fri,Sat,Sun",10:25,12:10,03h 15m,77WM,FJWY
EK 507,BOM,Mumbai,Chhatrapati Shivaji International,DXB,Dubai,Dubai International Airport,United Arab Emirates,AE,2026-03-15,2026-03-28,1234567,"Mon,Tue,Wed,Thu,Fri,Sat,Sun",15:40,17:30,03h 20m,77WP,FJY
EK 509,BOM,Mumbai,Chhatrapati Shivaji International,DXB,Dubai,Dubai International Airport,United Arab Emirates,AE,2026-03-15,2026-03-28,1234567,"Mon,Tue,Wed,Thu,Fri,Sat,Sun",22:00,23:55,03h 25m,77WP,FJY
EK 523,TRV,Thiruvananthapuram,Thiruvananthapuram International Airport,DXB,Dubai,Dubai International Airport,United Arab Emirates,AE,2026-03-16,2026-03-29,1234567,"Mon,Tue,Wed,Thu,Fri,Sat,Sun",04:35,07:15,04h 10m,77WR,FJY
EK 369,DPS,Denpasar,Ngurah Rai International Airport,DXB,Dubai,Dubai International Airport,United Arab Emirates,AE,2026-03-15,2026-03-22,123_567,"Mon,Tue,Wed,Fri,Sat,Sun",19:50,01:10,09h 20m,388J,JY
EK 369,DPS,Denpasar,Ngurah Rai International Airport,DXB,Dubai,Dubai International Airport,United Arab Emirates,AE,2026-03-23,2026-03-28,123456_,"Mon,Tue,Wed,Thu,Fri,Sat",19:50,01:10,09h 20m,388J,JY
EK 399,DPS,Denpasar,Ngurah Rai International Airport,DXB,Dubai,Dubai International Airport,United Arab Emirates,AE,2026-03-16,2026-03-23,1234_67,"Mon,Tue,Wed,Thu,Sat,Sun",00:25,05:45,09h 20m,77WH,JY
EK 399,DPS,Denpasar,Ngurah Rai International Airport,DXB,Dubai,Dubai International Airport,United Arab Emirates,AE,2026-03-24,2026-03-29,_234567,"Tue,Wed,Thu,Fri,Sat,Sun",00:25,05:45,09h 20m,77WH,JY
EK 359,CGK,Jakarta,Soekarno-Hatta International Airport,DXB,Dubai,Dubai International Airport,United Arab Emirates,AE,2026-03-16,2026-03-29,1234567,"Mon,Tue,Wed,Thu,Fri,Sat,Sun",00:15,05:30,08h 15m,77WP,FJY
EK 162,DUB,Dublin,Dublin Airport,DXB,Dubai,Dubai International Airport,United Arab Emirates,AE,2026-03-15,2026-03-28,1234567,"Mon,Tue,Wed,Thu,Fri,Sat,Sun",13:10,01:00,07h 50m,77WM,FJWY
EK 164,DUB,Dublin,Dublin Airport,DXB,Dubai,Dubai International Airport,United Arab Emirates,AE,2026-03-15,2026-03-28,1234567,"Mon,Tue,Wed,Thu,Fri,Sat,Sun",20:50,08:40,07h 50m,77WM,FJWY
EK 206,MXP,Milan,Malpensa Airport,DXB,Dubai,Dubai International Airport,United Arab Emirates,AE,2026-03-16,2026-03-23,1_34567,"Mon,Wed,Thu,Fri,Sat,Sun",13:10,22:55,06h 45m,388M,FJWY
EK 206,MXP,Milan,Malpensa Airport,DXB,Dubai,Dubai International Airport,United Arab Emirates,AE,2026-03-17,2026-03-17,_2_____,Tue,14:00,23:45,06h 45m,388M,FJWY
EK 206,MXP,Milan,Malpensa Airport,DXB,Dubai,Dubai International Airport,United Arab Emirates,AE,2026-03-24,2026-03-28,_23456_,"Tue,Wed,Thu,Fri,Sat",13:10,22:55,06h 45m,388M,FJWY
EK 206,MXP,Milan,Malpensa Airport,DXB,Dubai,Dubai International Airport,United Arab Emirates,AE,2026-03-29,2026-03-29,______7,Sun,14:10,22:55,06h 45m,388M,FJWY
EK 096,FCO,Rome,Fiumicino Airport,DXB,Dubai,Dubai International Airport,United Arab Emirates,AE,2026-03-15,2026-03-28,1234567,"Mon,Tue,Wed,Thu,Fri,Sat,Sun",20:50,06:10,06h 20m,77WR,FJY
EK 098,FCO,Rome,Fiumicino Airport,DXB,Dubai,Dubai International Airport,United Arab Emirates,AE,2026-03-15,2026-03-28,1234567,"Mon,Tue,Wed,Thu,Fri,Sat,Sun",14:55,00:15,06h 20m,388L,FJY
EK 205,MXP,Milan,Malpensa Airport,JFK,New York John F Kennedy,John F Kennedy International Airport,United States,US,2026-03-15,2026-03-22,_234567,"Tue,Wed,Thu,Fri,Sat,Sun",15:00,18:55,08h 55m,388M,FJWY
EK 205,MXP,Milan,Malpensa Airport,JFK,New York John F Kennedy,John F Kennedy International Airport,United States,US,2026-03-16,2026-03-16,1______,Mon,15:10,19:05,08h 55m,388M,FJWY
EK 205,MXP,Milan,Malpensa Airport,JFK,New York John F Kennedy,John F Kennedy International Airport,United States,US,2026-03-23,2026-03-27,12345__,"Mon,Tue,Wed,Thu,Fri",15:00,18:55,08h 55m,388M,FJWY
EK 205,MXP,Milan,Malpensa Airport,JFK,New York John F Kennedy,John F Kennedy International Airport,United States,US,2026-03-28,2026-03-28,_____6_,Sat,15:00,18:55,08h 55m,388M,FJWY
EK 313,HND,Tokyo Haneda,Tokyo Haneda Airport,DXB,Dubai,Dubai International Airport,United Arab Emirates,AE,2026-03-16,2026-03-29,1234567,"Mon,Tue,Wed,Thu,Fri,Sat,Sun",00:05,06:55,11h 50m,77WT,FJWY
EK 319,NRT,Tokyo Narita,Tokyo Narita International Airport,DXB,Dubai,Dubai International Airport,United Arab Emirates,AE,2026-03-15,2026-03-28,1234567,"Mon,Tue,Wed,Thu,Fri,Sat,Sun",22:20,05:30,12h 10m,388W,FJWY
EK 904,AMM,Amman,Queen Alia International Airport,DXB,Dubai,Dubai International Airport,United Arab Emirates,AE,2026-03-15,2026-03-15,______7,Sun,13:40,18:10,03h 30m,77WH,JY
EK 904,AMM,Amman,Queen Alia International Airport,DXB,Dubai,Dubai International Airport,United Arab Emirates,AE,2026-03-16,2026-03-22,12__567,"Mon,Tue,Fri,Sat,Sun",13:40,18:10,03h 30m,77WH,JY
EK 904,AMM,Amman,Queen Alia International Airport,DXB,Dubai,Dubai International Airport,United Arab Emirates,AE,2026-03-28,2026-03-28,_____6_,Sat,13:40,18:10,03h 30m,77WH,JY
EK 720,NBO,Nairobi,Jomo Kenyatta International Airport,DXB,Dubai,Dubai International Airport,United Arab Emirates,AE,2026-03-15,2026-03-28,__3_567,"Wed,Fri,Sat,Sun",16:45,22:45,05h 00m,77WR,FJY
EK 323,ICN,Seoul,Incheon International Airport,DXB,Dubai,Dubai International Airport,United Arab Emirates,AE,2026-03-15,2026-03-28,_2_4_67,"Tue,Thu,Sat,Sun",23:40,05:05,10h 25m,388L,FJY
EK 343,KUL,Kuala Lumpur,Kuala Lumpur International Airport,DXB,Dubai,Dubai International Airport,United Arab Emirates,AE,2026-03-16,2026-03-16,1______,Mon,01:25,04:45,07h 20m,388L,FJY
EK 343,KUL,Kuala Lumpur,Kuala Lumpur International Airport,DXB,Dubai,Dubai International Airport,United Arab Emirates,AE,2026-03-17,2026-03-29,1234567,"Mon,Tue,Wed,Thu,Fri,Sat,Sun",01:25,04:45,07h 20m,388L,FJY
EK 657,MLE,Malé,Velana International Airport,DXB,Dubai,Dubai International Airport,United Arab Emirates,AE,2026-03-15,2026-03-28,1234567,"Mon,Tue,Wed,Thu,Fri,Sat,Sun",09:05,12:10,04h 05m,77WM,FJWY
EK 659,MLE,Malé,Velana International Airport,DXB,Dubai,Dubai International Airport,United Arab Emirates,AE,2026-03-15,2026-03-28,1234567,"Mon,Tue,Wed,Thu,Fri,Sat,Sun",10:55,14:05,04h 10m,77WM,FJWY
EK 663,MLE,Malé,Velana International Airport,DXB,Dubai,Dubai International Airport,United Arab Emirates,AE,2026-03-28,2026-03-28,_____6_,Sat,16:15,19:30,04h 15m,77WP,FJY
EK 110,MLA,Malta,Malta International Airport,LCA,Larnaca,Larnaca Airport,Cyprus,CY,2026-03-15,2026-03-27,1_3_5_7,"Mon,Wed,Fri,Sun",14:45,18:05,02h 20m,77WP,FJY
EK 110,MLA,Malta,Malta International Airport,DXB,Dubai,Dubai International Airport,United Arab Emirates,AE,2026-03-15,2026-03-27,1_3_5_7,"Mon,Wed,Fri,Sun",14:45,01:40,06h 20m,77WP,FJY
EK 702,MRU,Mauritius,Sir Seewoosagur Ramgoolam International Airport,DXB,Dubai,Dubai International Airport,United Arab Emirates,AE,2026-03-15,2026-03-28,1234567,"Mon,Tue,Wed,Thu,Fri,Sat,Sun",16:25,23:00,06h 35m,388R,FJY
EK 704,MRU,Mauritius,Sir Seewoosagur Ramgoolam International Airport,DXB,Dubai,Dubai International Airport,United Arab Emirates,AE,2026-03-15,2026-03-28,1234567,"Mon,Tue,Wed,Thu,Fri,Sat,Sun",22:30,05:05,06h 35m,388H,JY
EK 256,MEX,Mexico City,Mexico City International Airport,BCN,Barcelona,El Prat Airport,Spain,ES,2026-03-15,2026-03-27,1234567,"Mon,Tue,Wed,Thu,Fri,Sat,Sun",19:40,13:25,10h 45m,77LK,JWY
EK 256,MEX,Mexico City,Mexico City International Airport,BCN,Barcelona,El Prat Airport,Spain,ES,2026-03-28,2026-03-28,_____6_,Sat,19:40,14:25,10h 45m,77LK,JWY
EK 752,CMN,Casablanca,Mohammed V International Airport,DXB,Dubai,Dubai International Airport,United Arab Emirates,AE,2026-03-15,2026-03-21,1234567,"Mon,Tue,Wed,Thu,Fri,Sat,Sun",14:10,01:40,07h 30m,388L,FJY
EK 752,CMN,Casablanca,Mohammed V International Airport,DXB,Dubai,Dubai International Airport,United Arab Emirates,AE,2026-03-22,2026-03-28,1234567,"Mon,Tue,Wed,Thu,Fri,Sat,Sun",15:10,01:40,07h 30m,388L,FJY
EK 146,AMS,Amsterdam,Amsterdam Airport Schiphol,DXB,Dubai,Dubai International Airport,United Arab Emirates,AE,2026-03-15,2026-03-28,1_34567,"Mon,Wed,Thu,Fri,Sat,Sun",10:35,20:55,07h 20m,388R,FJY
EK 146,AMS,Amsterdam,Amsterdam Airport Schiphol,DXB,Dubai,Dubai International Airport,United Arab Emirates,AE,2026-03-17,2026-03-24,_2_____,Tue,13:40,23:59,07h 19m,388R,FJY
EK 413,CHC,Christchurch,Christchurch International Airport,SYD,Sydney,Kingsford Smith Airport,Australia,AU,2026-03-16,2026-03-29,1234567,"Mon,Tue,Wed,Thu,Fri,Sat,Sun",18:20,19:40,03h 20m,388Y,FJWY
EK 449,AKL,Auckland,Auckland International Airport,DXB,Dubai,Dubai International Airport,United Arab Emirates,AE,2026-03-19,2026-03-28,1__4_6_,"Mon,Thu,Sat",21:05,05:15,17h 10m,388Y,FJWY
EK 449,AKL,Auckland,Auckland International Airport,DXB,Dubai,Dubai International Airport,United Arab Emirates,AE,2026-03-30,2026-03-30,1______,Mon,21:10,05:35,17h 25m,388Y,FJWY
EK 413,CHC,Christchurch,Christchurch International Airport,DXB,Dubai,Dubai International Airport,United Arab Emirates,AE,2026-03-16,2026-03-29,1234567,"Mon,Tue,Wed,Thu,Fri,Sat,Sun",18:20,05:15,17h 50m,388Y,FJWY
EK 784,LOS,Lagos,Murtala Muhammed Airport,DXB,Dubai,Dubai International Airport,United Arab Emirates,AE,2026-03-15,2026-03-28,1234567,"Mon,Tue,Wed,Thu,Fri,Sat,Sun",17:55,04:35,07h 40m,77WP,FJY
EK 160,OSL,Oslo,Gardermoen Airport,DXB,Dubai,Dubai International Airport,United Arab Emirates,AE,2026-03-15,2026-03-28,1234567,"Mon,Tue,Wed,Thu,Fri,Sat,Sun",14:00,00:30,07h 30m,359G,JWY
EK 613,ISB,Islamabad,Islamabad International Airport,DXB,Dubai,Dubai International Airport,United Arab Emirates,AE,2026-03-16,2026-03-28,123456,"Mon,Tue,Wed,Thu,Fri,Sat",09:00,11:35,03h 35m,77WH,JY
EK 615,ISB,Islamabad,Islamabad International Airport,DXB,Dubai,Dubai International Airport,United Arab Emirates,AE,2026-03-17,2026-03-29,_2_4_67,"Tue,Thu,Sat,Sun",03:15,05:45,03h 30m,77WH,JY
EK 601,KHI,Karachi,Quaid-E-Azam International Airport,DXB,Dubai,Dubai International Airport,United Arab Emirates,AE,2026-03-15,2026-03-28,1234567,"Mon,Tue,Wed,Thu,Fri,Sat,Sun",12:00,13:20,02h 20m,77WH,JY
EK 603,KHI,Karachi,Quaid-E-Azam International Airport,DXB,Dubai,Dubai International Airport,United Arab Emirates,AE,2026-03-15,2026-03-28,1234567,"Mon,Tue,Wed,Thu,Fri,Sat,Sun",22:40,00:05,02h 25m,77WP,FJY
EK 607,KHI,Karachi,Quaid-E-Azam International Airport,DXB,Dubai,Dubai International Airport,United Arab Emirates,AE,2026-03-16,2026-03-29,1234567,"Mon,Tue,Wed,Thu,Fri,Sat,Sun",03:00,04:15,02h 15m,77WH,JY
EK 623,LHE,Lahore,Alama Iqbal International Airport,DXB,Dubai,Dubai International Airport,United Arab Emirates,AE,2026-03-16,2026-03-29,12345_7,"Mon,Tue,Wed,Thu,Fri,Sun",03:20,05:55,03h 35m,77WH,JY
EK 625,LHE,Lahore,Alama Iqbal International Airport,DXB,Dubai,Dubai International Airport,United Arab Emirates,AE,2026-03-16,2026-03-28,1_3_56_,"Mon,Wed,Fri,Sat",09:40,12:10,03h 30m,77WH,JY
EK 637,PEW,Peshawar,Bacha Khan International Airport,DXB,Dubai,Dubai International Airport,United Arab Emirates,AE,2026-03-17,2026-03-28,_23456_,"Tue,Wed,Thu,Fri,Sat",09:05,11:35,03h 30m,77WP,JY
EK 619,SKT,Sialkot,Sialkot International Airport,DXB,Dubai,Dubai International Airport,United Arab Emirates,AE,2026-03-16,2026-03-29,1_3_5_7,"Mon,Wed,Fri,Sun",02:50,05:25,03h 35m,77WH,JY
EK 621,SKT,Sialkot,Sialkot International Airport,DXB,Dubai,Dubai International Airport,United Arab Emirates,AE,2026-03-17,2026-03-28,_2_4_6_,"Tue,Thu,Sat",10:00,12:35,03h 35m,77WH,JY
EK 338,CEB,Cebu,Mactan-Cebu International Airport,CRK,Clark,"Clark International Airport, Manila Angeles City",Philippines,PH,2026-03-16,2026-03-28,1234567,"Mon,Tue,Wed,Thu,Fri,Sat,Sun",17:05,18:25,01h 20m,77WH,JY
EK 338,CRK,Clark,"Clark International Airport, Manila Angeles City",DXB,Dubai,Dubai International Airport,United Arab Emirates,AE,2026-03-16,2026-03-28,1234567,"Mon,Tue,Wed,Thu,Fri,Sat,Sun",19:50,01:10,09h 20m,77WH,JY
EK 333,MNL,Manila,Ninoy Aquino International Airport,DXB,Dubai,Dubai International Airport,United Arab Emirates,AE,2026-03-15,2026-03-28,1234567,"Mon,Tue,Wed,Thu,Fri,Sat,Sun",17:40,23:10,09h 30m,77WP,FJY
EK 335,MNL,Manila,Ninoy Aquino International Airport,DXB,Dubai,Dubai International Airport,United Arab Emirates,AE,2026-03-15,2026-03-28,1234567,"Mon,Tue,Wed,Thu,Fri,Sat,Sun",23:30,04:45,09h 15m,77WH,JY
EK 337,MNL,Manila,Ninoy Aquino International Airport,DXB,Dubai,Dubai International Airport,United Arab Emirates,AE,2026-03-16,2026-03-29,1234567,"Mon,Tue,Wed,Thu,Fri,Sat,Sun",07:55,13:20,09h 25m,77WH,JY
EK 180,WAW,Warsaw,Warsaw Frédéric Chopin Airport,DXB,Dubai,Dubai International Airport,United Arab Emirates,AE,2026-03-15,2026-03-28,1234567,"Mon,Tue,Wed,Thu,Fri,Sat,Sun",13:40,22:55,06h 15m,77WR,FJY
EK 194,LIS,Lisbon,Lisbon General Humberto Delgado Airport,DXB,Dubai,Dubai International Airport,United Arab Emirates,AE,2026-03-15,2026-03-28,1234567,"Mon,Tue,Wed,Thu,Fri,Sat,Sun",20:45,08:45,08h 00m,77WM,FJWY
EK 130,DME,Moscow,Domodedovo Airport,DXB,Dubai,Dubai International Airport,United Arab Emirates,AE,2026-03-15,2026-03-28,__3_5_7,"Wed,Fri,Sun",09:45,18:55,08h 10m,77WP,FJY
EK 132,DME,Moscow,Domodedovo Airport,DXB,Dubai,Dubai International Airport,United Arab Emirates,AE,2026-03-15,2026-03-28,1234567,"Mon,Tue,Wed,Thu,Fri,Sat,Sun",23:30,08:40,08h 10m,388L,FJY
EK 134,DME,Moscow,Domodedovo Airport,DXB,Dubai,Dubai International Airport,United Arab Emirates,AE,2026-03-15,2026-03-28,1234567,"Mon,Tue,Wed,Thu,Fri,Sat,Sun",16:35,01:45,08h 10m,388U,FJY
EK 176,LED,St. Petersburg,Pulkovo International Airport,DXB,Dubai,Dubai International Airport,United Arab Emirates,AE,2026-03-15,2026-03-28,1_3_5_7,"Mon,Wed,Fri,Sun",23:10,08:10,08h 00m,77WP,FJY
EK 822,DMM,Dammam,King Fahd International Airport,DXB,Dubai,Dubai International Airport,United Arab Emirates,AE,2026-03-15,2026-03-28,1234567,"Mon,Tue,Wed,Thu,Fri,Sat,Sun",22:55,01:30,01h 35m,77WH,JY
EK 802,JED,Jeddah,King Abdulaziz International Airport,DXB,Dubai,Dubai International Airport,United Arab Emirates,AE,2026-03-15,2026-03-28,1234567,"Mon,Tue,Wed,Thu,Fri,Sat,Sun",04:15,08:10,02h 55m,388L,FJY
EK 804,JED,Jeddah,King Abdulaziz International Airport,DXB,Dubai,Dubai International Airport,United Arab Emirates,AE,2026-03-15,2026-03-28,1234567,"Mon,Tue,Wed,Thu,Fri,Sat,Sun",20:35,00:30,02h 55m,388U,FJY
EK 806,JED,Jeddah,King Abdulaziz International Airport,DXB,Dubai,Dubai International Airport,United Arab Emirates,AE,2026-03-15,2026-03-28,1234567,"Mon,Tue,Wed,Thu,Fri,Sat,Sun",11:15,15:00,02h 45m,388R,FJY
EK 810,MED,Medina,Prince Mohammad Bin Abdulaziz Airport,DXB,Dubai,Dubai International Airport,United Arab Emirates,AE,2026-03-15,2026-03-28,1_34_67,"Mon,Wed,Thu,Sat,Sun",17:55,21:25,02h 30m,77WP,FJY
EK 812,RUH,Riyadh,King Khalid International Airport,DXB,Dubai,Dubai International Airport,United Arab Emirates,AE,2026-03-29,2026-03-29,______7,Sun,01:45,04:35,01h 50m,77WP,FJY
EK 814,RUH,Riyadh,King Khalid International Airport,DXB,Dubai,Dubai International Airport,United Arab Emirates,AE,2026-03-18,2026-03-18,__3____,Wed,14:40,17:30,01h 50m,77WP,FJY
EK 816,RUH,Riyadh,King Khalid International Airport,DXB,Dubai,Dubai International Airport,United Arab Emirates,AE,2026-03-15,2026-03-28,1234567,"Mon,Tue,Wed,Thu,Fri,Sat,Sun",04:00,06:50,01h 50m,77WM,FJWY
EK 818,RUH,Riyadh,King Khalid International Airport,DXB,Dubai,Dubai International Airport,United Arab Emirates,AE,2026-03-15,2026-03-28,1234567,"Mon,Tue,Wed,Thu,Fri,Sat,Sun",20:25,23:30,02h 05m,77WM,FJWY
EK 820,RUH,Riyadh,King Khalid International Airport,DXB,Dubai,Dubai International Airport,United Arab Emirates,AE,2026-03-15,2026-03-28,1234567,"Mon,Tue,Wed,Thu,Fri,Sat,Sun",09:50,12:35,01h 45m,77WM,FJWY
EK 795,DSS,Dakar,Dakar Blaise Diagne International Airport,DXB,Dubai,Dubai International Airport,United Arab Emirates,AE,2026-03-15,2026-03-27,____5_7,"Fri,Sun",18:35,07:50,09h 15m,77WP,FJY
EK 797,DSS,Dakar,Dakar Blaise Diagne International Airport,DXB,Dubai,Dubai International Airport,United Arab Emirates,AE,2026-03-17,2026-03-26,_2_4___,"Tue,Thu",18:35,07:50,09h 15m,77WP,FJY
EK 797,DSS,Dakar,Dakar Blaise Diagne International Airport,DXB,Dubai,Dubai International Airport,United Arab Emirates,AE,2026-03-28,2026-03-28,_____6_,Sat,18:05,07:35,09h 30m,77WP,FJY
EK 706,SEZ,Seychelles,Seychelles International Airport,DXB,Dubai,Dubai International Airport,United Arab Emirates,AE,2026-03-15,2026-03-28,1234567,"Mon,Tue,Wed,Thu,Fri,Sat,Sun",08:35,13:10,04h 35m,77WR,FJY
EK 315,SIN,Singapore,Changi Airport,DXB,Dubai,Dubai International Airport,United Arab Emirates,AE,2026-03-16,2026-03-29,1234567,"Mon,Tue,Wed,Thu,Fri,Sat,Sun",10:30,14:00,07h 30m,388U,FJY
EK 353,SIN,Singapore,Changi Airport,DXB,Dubai,Dubai International Airport,United Arab Emirates,AE,2026-03-17,2026-03-29,1234567,"Mon,Tue,Wed,Thu,Fri,Sat,Sun",00:30,04:10,07h 30m,388U,FJY
EK 771,CPT,Cape Town,Cape Town International Airport,DXB,Dubai,Dubai International Airport,United Arab Emirates,AE,2026-03-15,2026-03-28,1234567,"Mon,Tue,Wed,Thu,Fri,Sat,Sun",18:30,05:55,09h 25m,77WM,FJWY
EK 773,CPT,Cape Town,Cape Town International Airport,DXB,Dubai,Dubai International Airport,United Arab Emirates,AE,2026-03-18,2026-03-27,__3_5_7,"Wed,Fri,Sun",13:40,01:05,09h 25m,77WR,FJY
EK 776,DUR,Durban,King Shaka International Airport,DXB,Dubai,Dubai International Airport,United Arab Emirates,AE,2026-03-19,2026-03-28,1__4_6_,"Mon,Thu,Sat",19:10,05:25,08h 15m,77WR,FJY
EK 764,JNB,Johannesburg,O R Tambo International Airport,DXB,Dubai,Dubai International Airport,United Arab Emirates,AE,2026-03-21,2026-03-28,1234567,"Mon,Tue,Wed,Thu,Fri,Sat,Sun",18:50,05:05,08h 15m,388R,FJY
EK 766,JNB,Johannesburg,O R Tambo International Airport,DXB,Dubai,Dubai International Airport,United Arab Emirates,AE,2026-03-15,2026-03-28,1234567,"Mon,Tue,Wed,Thu,Fri,Sat,Sun",22:20,08:15,07h 55m,77WM,FJWY
EK 768,JNB,Johannesburg,O R Tambo International Airport,DXB,Dubai,Dubai International Airport,United Arab Emirates,AE,2026-03-16,2026-03-29,1234567,"Mon,Tue,Wed,Thu,Fri,Sat,Sun",10:25,20:25,08h 00m,77WR,FJY
EK 255,BCN,Barcelona,El Prat Airport,MEX,Mexico City,Mexico City International Airport,Mexico,MX,2026-03-15,2026-03-27,1234567,"Mon,Tue,Wed,Thu,Fri,Sat,Sun",10:10,16:00,12h 50m,77LK,JWY
EK 255,BCN,Barcelona,El Prat Airport,MEX,Mexico City,Mexico City International Airport,Mexico,MX,2026-03-28,2026-03-28,_____6_,Sat,10:10,16:00,12h 50m,77LK,JWY
EK 256,BCN,Barcelona,El Prat Airport,DXB,Dubai,Dubai International Airport,United Arab Emirates,AE,2026-03-16,2026-03-28,1234567,"Mon,Tue,Wed,Thu,Fri,Sat,Sun",15:10,01:15,07h 05m,77LK,JWY
EK 256,BCN,Barcelona,El Prat Airport,DXB,Dubai,Dubai International Airport,United Arab Emirates,AE,2026-03-29,2026-03-29,______7,Sun,16:10,01:15,07h 05m,77LK,JWY
EK 142,MAD,Madrid,Madrid-Barajas Airport,DXB,Dubai,Dubai International Airport,United Arab Emirates,AE,2026-03-15,2026-03-28,1234567,"Mon,Tue,Wed,Thu,Fri,Sat,Sun",14:35,00:55,07h 20m,388L,FJY
EK 144,MAD,Madrid,Madrid-Barajas Airport,DXB,Dubai,Dubai International Airport,United Arab Emirates,AE,2026-03-15,2026-03-28,1234567,"Mon,Tue,Wed,Thu,Fri,Sat,Sun",21:45,08:20,07h 35m,77WM,FJWY
EK 649,CMB,Colombo,Bandaranaike Airport,DXB,Dubai,Dubai International Airport,United Arab Emirates,AE,2026-03-16,2026-03-29,1234567,"Mon,Tue,Wed,Thu,Fri,Sat,Sun",02:40,05:45,04h 35m,77WR,FJY
EK 651,CMB,Colombo,Bandaranaike Airport,DXB,Dubai,Dubai International Airport,United Arab Emirates,AE,2026-03-15,2026-03-28,1234567,"Mon,Tue,Wed,Thu,Fri,Sat,Sun",09:55,12:55,04h 30m,77WM,FJWY
EK 655,CMB,Colombo,Bandaranaike Airport,DXB,Dubai,Dubai International Airport,United Arab Emirates,AE,2026-03-15,2026-03-28,12_4567,"Mon,Tue,Thu,Fri,Sat,Sun",21:50,00:50,04h 30m,359U,JWY
EK 655,CMB,Colombo,Bandaranaike Airport,DXB,Dubai,Dubai International Airport,United Arab Emirates,AE,2026-03-18,2026-03-25,__3____,Wed,21:50,00:50,04h 30m,359U,JWY
EK 158,ARN,Stockholm,Stockholm-Arlanda Airport,DXB,Dubai,Dubai International Airport,United Arab Emirates,AE,2026-03-15,2026-03-28,1234567,"Mon,Tue,Wed,Thu,Fri,Sat,Sun",14:30,00:40,07h 10m,77WR,FJY
EK 084,GVA,Geneva,Geneva International Airport,DXB,Dubai,Dubai International Airport,United Arab Emirates,AE,2026-03-15,2026-03-28,1234567,"Mon,Tue,Wed,Thu,Fri,Sat,Sun",20:40,06:45,07h 05m,77WT,FJWY
EK 086,ZRH,Zürich,Zürich-Kloten Airport,DXB,Dubai,Dubai International Airport,United Arab Emirates,AE,2026-03-15,2026-03-28,1234567,"Mon,Tue,Wed,Thu,Fri,Sat,Sun",21:50,07:45,06h 55m,388M,FJWY
EK 367,TPE,Taipei,Taiwan Taoyuan International Airport,DXB,Dubai,Dubai International Airport,United Arab Emirates,AE,2026-03-15,2026-03-28,1234567,"Mon,Tue,Wed,Thu,Fri,Sat,Sun",23:00,04:55,09h 55m,388L,FJY
EK 726,DAR,Dar Es Salaam,Dar Es Salaam International Airport,DXB,Dubai,Dubai International Airport,United Arab Emirates,AE,2026-03-15,2026-03-15,______7,Sun,15:45,22:05,05h 20m,77WP,FJY
EK 370,BKK,Bangkok,Suvarnabhumi International Airport,SAI,Siem Reap,Siem Reap Angkor International Airport,Cambodia,KH,2026-03-17,2026-03-28,_2_4_6_,"Tue,Thu,Sat",19:50,21:10,01h 20m,77WH,JY
EK 384,BKK,Bangkok,Suvarnabhumi International Airport,HKG,Hong Kong,Hong Kong International Airport,"Hong Kong, China",HK,2026-03-15,2026-03-28,1234567,"Mon,Tue,Wed,Thu,Fri,Sat,Sun",13:45,17:40,02h 55m,388R,FJY
EK 371,BKK,Bangkok,Suvarnabhumi International Airport,DXB,Dubai,Dubai International Airport,United Arab Emirates,AE,2026-03-16,2026-03-28,1234567,"Mon,Tue,Wed,Thu,Fri,Sat,Sun",02:55,06:35,06h 40m,77WH,JY
EK 373,BKK,Bangkok,Suvarnabhumi International Airport,DXB,Dubai,Dubai International Airport,United Arab Emirates,AE,2026-03-15,2026-03-28,1234567,"Mon,Tue,Wed,Thu,Fri,Sat,Sun",20:45,01:00,07h 15m,388Y,FJY
EK 375,BKK,Bangkok,Suvarnabhumi International Airport,DXB,Dubai,Dubai International Airport,United Arab Emirates,AE,2026-03-16,2026-03-29,1234567,"Mon,Tue,Wed,Thu,Fri,Sat,Sun",09:30,13:15,06h 45m,388J,JWY
EK 385,BKK,Bangkok,Suvarnabhumi International Airport,DXB,Dubai,Dubai International Airport,United Arab Emirates,AE,2026-03-16,2026-03-29,1234567,"Mon,Tue,Wed,Thu,Fri,Sat,Sun",01:05,04:55,06h 50m,388R,FJY
EK 379,HKT,Phuket,Phuket International Airport,DXB,Dubai,Dubai International Airport,United Arab Emirates,AE,2026-03-15,2026-03-28,1234567,"Mon,Tue,Wed,Thu,Fri,Sat,Sun",19:05,22:40,06h 35m,77WR,FJY
EK 397,HKT,Phuket,Phuket International Airport,DXB,Dubai,Dubai International Airport,United Arab Emirates,AE,2026-03-15,2026-03-28,1234567,"Mon,Tue,Wed,Thu,Fri,Sat,Sun",23:50,03:25,06h 35m,77WR,FJY
EK 370,BKK,Bangkok,Suvarnabhumi International Airport,DAD,Da Nang,Da Nang International Airport,Vietnam,VN,2026-03-15,2026-03-27,1_3_5_7,"Mon,Wed,Fri,Sun",19:50,21:30,01h 40m,77WH,JY
EK 748,TUN,Tunis,Carthage Airport,DXB,Dubai,Dubai International Airport,United Arab Emirates,AE,2026-03-15,2026-03-28,1_34567,"Mon,Wed,Thu,Fri,Sat,Sun",14:55,23:30,05h 35m,359G,JWY
EK 122,IST,Istanbul,Istanbul Airport,DXB,Dubai,Dubai International Airport,United Arab Emirates,AE,2026-03-15,2026-03-28,1234567,"Mon,Tue,Wed,Thu,Fri,Sat,Sun",20:05,02:15,05h 10m,77WR,FJY
EK 124,IST,Istanbul,Istanbul Airport,DXB,Dubai,Dubai International Airport,United Arab Emirates,AE,2026-03-15,2026-03-28,1234567,"Mon,Tue,Wed,Thu,Fri,Sat,Sun",16:25,22:35,05h 10m,388U,FJY
EK 730,EBB,Entebbe,Entebbe Airport,DXB,Dubai,Dubai International Airport,United Arab Emirates,AE,2026-03-15,2026-03-15,______7,Sun,16:10,22:25,05h 15m,77WP,FJY
EK 040,BHX,Birmingham,Birmingham International Airport,DXB,Dubai,Dubai International Airport,United Arab Emirates,AE,2026-03-15,2026-03-28,1234567,"Mon,Tue,Wed,Thu,Fri,Sat,Sun",13:40,01:30,07h 50m,388H,JY
EK 024,EDI,Edinburgh,Edinburgh Airport,DXB,Dubai,Dubai International Airport,United Arab Emirates,AE,2026-03-15,2026-03-28,1234567,"Mon,Tue,Wed,Thu,Fri,Sat,Sun",20:55,08:50,07h 55m,359G,JWY
EK 028,GLA,Glasgow,Glasgow International Airport,DXB,Dubai,Dubai International Airport,United Arab Emirates,AE,2026-03-15,2026-03-28,1234567,"Mon,Tue,Wed,Thu,Fri,Sat,Sun",13:35,01:30,07h 55m,77WP,FJY
EK 010,LGW,London Gatwick,London Gatwick Airport,DXB,Dubai,Dubai International Airport,United Arab Emirates,AE,2026-03-15,2026-03-28,1234567,"Mon,Tue,Wed,Thu,Fri,Sat,Sun",20:25,08:00,07h 35m,77WP,FJY
EK 016,LGW,London Gatwick,London Gatwick Airport,DXB,Dubai,Dubai International Airport,United Arab Emirates,AE,2026-03-15,2026-03-28,1234567,"Mon,Tue,Wed,Thu,Fri,Sat,Sun",13:35,01:20,07h 45m,388L,FJY
EK 002,LHR,London Heathrow,London Heathrow Airport,DXB,Dubai,Dubai International Airport,United Arab Emirates,AE,2026-03-15,2026-03-28,1234567,"Mon,Tue,Wed,Thu,Fri,Sat,Sun",13:40,01:25,07h 45m,388W,FJWY
EK 004,LHR,London Heathrow,London Heathrow Airport,DXB,Dubai,Dubai International Airport,United Arab Emirates,AE,2026-03-15,2026-03-28,1234567,"Mon,Tue,Wed,Thu,Fri,Sat,Sun",20:20,08:05,07h 45m,388W,FJWY
EK 006,LHR,London Heathrow,London Heathrow Airport,DXB,Dubai,Dubai International Airport,United Arab Emirates,AE,2026-03-15,2026-03-28,1234567,"Mon,Tue,Wed,Thu,Fri,Sat,Sun",22:00,09:45,07h 45m,388M,FJWY
EK 008,LHR,London Heathrow,London Heathrow Airport,DXB,Dubai,Dubai International Airport,United Arab Emirates,AE,2026-03-15,2026-03-28,1234567,"Mon,Tue,Wed,Thu,Fri,Sat,Sun",09:10,20:55,07h 45m,388M,FJWY
EK 030,LHR,London Heathrow,London Heathrow Airport,DXB,Dubai,Dubai International Airport,United Arab Emirates,AE,2026-03-15,2026-03-28,1234567,"Mon,Tue,Wed,Thu,Fri,Sat,Sun",15:50,03:25,07h 35m,388R,FJY
EK 032,LHR,London Heathrow,London Heathrow Airport,DXB,Dubai,Dubai International Airport,United Arab Emirates,AE,2026-03-15,2026-03-28,1234567,"Mon,Tue,Wed,Thu,Fri,Sat,Sun",19:00,06:45,07h 45m,388R,FJY
EK 068,STN,London Stansted,London Stansted,DXB,Dubai,Dubai International Airport,United Arab Emirates,AE,2026-03-15,2026-03-28,1234567,"Mon,Tue,Wed,Thu,Fri,Sat,Sun",20:15,07:50,07h 35m,77WM,FJWY
EK 020,MAN,Manchester,Manchester International Airport,DXB,Dubai,Dubai International Airport,United Arab Emirates,AE,2026-03-15,2026-03-28,1234567,"Mon,Tue,Wed,Thu,Fri,Sat,Sun",20:40,08:40,08h 00m,388J,JY
EK 022,MAN,Manchester,Manchester International Airport,DXB,Dubai,Dubai International Airport,United Arab Emirates,AE,2026-03-15,2026-03-28,1234567,"Mon,Tue,Wed,Thu,Fri,Sat,Sun",08:50,20:40,07h 50m,388H,JY
EK 036,NCL,Newcastle,Newcastle Airport,DXB,Dubai,Dubai International Airport,United Arab Emirates,AE,2026-03-15,2026-03-28,1234567,"Mon,Tue,Wed,Thu,Fri,Sat,Sun",13:10,00:55,07h 45m,359G,JY
EK 210,EWR,Newark,Newark Liberty International Airport,ATH,Athens,Eleftherios Venizelos Airport,Greece,GR,2026-03-15,2026-03-27,1234567,"Mon,Tue,Wed,Thu,Fri,Sat,Sun",23:55,15:05,09h 10m,77WS,FJWY
EK 210,EWR,Newark,Newark Liberty International Airport,ATH,Athens,Eleftherios Venizelos Airport,Greece,GR,2026-03-28,2026-03-28,_____6_,Sat,23:55,16:05,09h 10m,77WS,FJWY
EK 206,JFK,New York John F Kennedy,John F Kennedy International Airport,MXP,Milan,Malpensa Airport,Italy,IT,2026-03-15,2026-03-22,_234567,"Tue,Wed,Thu,Fri,Sat,Sun",22:20,11:15,07h 55m,388M,FJWY
EK 206,JFK,New York John F Kennedy,John F Kennedy International Airport,MXP,Milan,Malpensa Airport,Italy,IT,2026-03-16,2026-03-16,1______,Mon,23:05,12:00,07h 55m,388M,FJWY
EK 206,JFK,New York John F Kennedy,John F Kennedy International Airport,MXP,Milan,Malpensa Airport,Italy,IT,2026-03-23,2026-03-27,12345__,"Mon,Tue,Wed,Thu,Fri",22:20,11:15,07h 55m,388M,FJWY
EK 206,JFK,New York John F Kennedy,John F Kennedy International Airport,MXP,Milan,Malpensa Airport,Italy,IT,2026-03-28,2026-03-28,_____6_,Sat,22:20,12:15,07h 55m,388M,FJWY
EK 238,BOS,Boston,Logan International Airport,DXB,Dubai,Dubai International Airport,United Arab Emirates,AE,2026-03-16,2026-03-28,1__4_6_,"Mon,Thu,Sat",23:05,19:55,12h 50m,77WS,FJWY
EK 236,ORD,Chicago,O'Hare International Airport,DXB,Dubai,Dubai International Airport,United Arab Emirates,AE,2026-03-15,2026-03-28,1234567,"Mon,Tue,Wed,Thu,Fri,Sat,Sun",20:45,19:55,14h 10m,77WT,FJWY
EK 222,DFW,Dallas,Dallas/Fort Worth International Airport,DXB,Dubai,Dubai International Airport,United Arab Emirates,AE,2026-03-15,2026-03-28,1234567,"Mon,Tue,Wed,Thu,Fri,Sat,Sun",12:15,12:35,15h 20m,77LK,JWY
EK 202,JFK,New York John F Kennedy,John F Kennedy International Airport,DXB,Dubai,Dubai International Airport,United Arab Emirates,AE,2026-03-17,2026-03-28,_2_4_6_,"Tue,Thu,Sat",23:00,20:15,13h 15m,388V,FJWY
EK 204,JFK,New York John F Kennedy,John F Kennedy International Airport,DXB,Dubai,Dubai International Airport,United Arab Emirates,AE,2026-03-15,2026-03-28,1234567,"Mon,Tue,Wed,Thu,Fri,Sat,Sun",11:20,08:35,13h 15m,388Y,FJWY
EK 226,SFO,San Francisco,San Francisco International Airport,DXB,Dubai,Dubai International Airport,United Arab Emirates,AE,2026-03-15,2026-03-28,1234567,"Mon,Tue,Wed,Thu,Fri,Sat,Sun",16:45,20:45,17h 00m,388Y,FJWY
EK 230,SEA,Seattle,Seattle-Tacoma international Airport,DXB,Dubai,Dubai International Airport,United Arab Emirates,AE,2026-03-18,2026-03-27,__3_5_7,"Wed,Fri,Sun",17:05,19:55,15h 50m,77WS,FJWY
EK 230,SEA,Seattle,Seattle-Tacoma international Airport,DXB,Dubai,Dubai International Airport,United Arab Emirates,AE,2026-03-29,2026-03-29,______7,Sun,17:15,20:05,15h 50m,77WS,FJWY
EK 232,IAD,Washington Dulles International,Dulles International Airport,DXB,Dubai,Dubai International Airport,United Arab Emirates,AE,2026-03-17,2026-03-28,_2_4_6_,"Tue,Thu,Sat",11:15,08:50,13h 35m,77WP,FJY
EK 371,DAD,Da Nang,Da Nang International Airport,BKK,Bangkok,Suvarnabhumi International Airport,Thailand,TH,2026-03-15,2026-03-27,1_3_5_7,"Mon,Wed,Fri,Sun",23:30,01:10,01h 40m,77WH,JY
EK 395,HAN,Hanoi,Noi Bai International Airport,DXB,Dubai,Dubai International Airport,United Arab Emirates,AE,2026-03-16,2026-03-29,1234567,"Mon,Tue,Wed,Thu,Fri,Sat,Sun",00:25,04:55,07h 30m,77WH,JY
EK 393,SGN,Ho Chi Minh City,Tan Son Nhat International Airport,DXB,Dubai,Dubai International Airport,United Arab Emirates,AE,2026-03-15,2026-03-28,1234567,"Mon,Tue,Wed,Thu,Fri,Sat,Sun",23:55,04:20,07h 25m,77WH,JY
EK 714,LUN,Lusaka,Kenneth Kaunda International Airport,DXB,Dubai,Dubai International Airport,United Arab Emirates,AE,2026-03-15,2026-03-27,__3_5_7,"Wed,Fri,Sun",21:20,06:25,07h 05m,77WR,FJY
EK 713,LUN,Lusaka,Kenneth Kaunda International Airport,HRE,Harare,Robert Gabriel Mugabe International Airport,Zimbabwe,ZW,2026-03-15,2026-03-27,__3_5_7,"Wed,Fri,Sun",15:55,17:00,01h 05m,77WR,FJY
EK 714,HRE,Harare,Robert Gabriel Mugabe International Airport,DXB,Dubai,Dubai International Airport,United Arab Emirates,AE,2026-03-15,2026-03-27,__3_5_7,"Wed,Fri,Sun",18:45,06:25,08h 10m,77WR,FJY
EK 714,HRE,Harare,Robert Gabriel Mugabe International Airport,LUN,Lusaka,Kenneth Kaunda International Airport,Zambia,ZM,2026-03-15,2026-03-27,__3_5_7,"Wed,Fri,Sun",18:45,19:50,01h 05m,77WR,FJY
